2024605291,Меморијален центар АСНОМ,North Macedonia,Pelince,21.8500367,42.2782511,"Memorial Center ASNOM, R1207, Pelince, North Macedonia",attraction,memorial,always open,
1879461479,Кокино,North Macedonia,Kokino,21.953118,42.2633818,"Кокино, R2244, Kokino, North Macedonia",attraction,archaeological_site,always open,,"CONCATENATE(""+3897"",RANDBETWEEN(1000000,9999999))"
356302520,Св. Великомаченик Георгиј,North Macedonia,Staro Nagorichane,21.828076776295497,42.19823985,"Church of St. George, R1207, Staro Nagorichane, North Macedonia",attraction,church,Mon-Sunday 07:00-19:00,,"CONCATENATE(""+3897"",RANDBETWEEN(1000000,9999999))"
834714782,"Muzeu ""Dëshmorët e kombit""",North Macedonia,Slupchane,21.620378165973086,42.1791184,"Muzeu ""Dëshmorët e kombit"", R29272, Slupchane, North Macedonia",museum,,Mon-Fri 08:00-16:00,,"CONCATENATE(""+3897"",RANDBETWEEN(1000000,9999999))"
1879436069,Костоперска Карпа,North Macedonia,Mlado Nagorichane,21.809838,42.1706665,"Костоперска Карпа, A2, Mlado Nagorichane, North Macedonia",attraction,archaeological_site,always open,,"CONCATENATE(""+3897"",RANDBETWEEN(1000000,9999999))"
2616082758,Zebrnjak,North Macedonia,Mlado Nagorichane,21.7853235,42.1491368,"Zebrnjak, R2237, 1300 Mlado Nagorichane, North Macedonia",,memorial,always open,,"CONCATENATE(""+3897"",RANDBETWEEN(1000000,9999999))"
159068224,Споменик Костурница,North Macedonia,Kumanovo,21.72264767789106,42.145414200000005,"Споменик Костурница, Средорек, 1300 Kumanovo, North Macedonia",,monument,,,"CONCATENATE(""+3897"",RANDBETWEEN(1000000,9999999))"
1995790447,Јосип Броз - Тито,North Macedonia,Kumanovo,21.7194275,42.1355778,"Јосип Броз - Тито, Иво Лола Рибар, 1300 Kumanovo, North Macedonia",,monument,,,"CONCATENATE(""+3897"",RANDBETWEEN(1000000,9999999))"
1708412126,Zena,North Macedonia,Kumanovo,21.7200501,42.1355189,"Zena, Иво Лола Рибар, 1300 Kumanovo, North Macedonia",,monument,,,"CONCATENATE(""+3897"",RANDBETWEEN(1000000,9999999))"
2136716883,Куде сат,North Macedonia,Kumanovo,21.7192303,42.1346962,"Куде сат, Гане георгиев, 1300 Kumanovo, North Macedonia",,monument,,,"CONCATENATE(""+3897"",RANDBETWEEN(1000000,9999999))"
182927657,Манастир Св. Богородица,North Macedonia,Pobozhje,21.428295084708935,42.12561345,"St. Holy Mother of God Monastery, R2239, Pobozhje, North Macedonia",attraction,undefined,,,"CONCATENATE(""+3897"",RANDBETWEEN(1000000,9999999))"
182933841,Манастир Св. Никола,North Macedonia,Brodec,21.46959973120305,42.10977925,"Saint Nicholas Monastery, Љубанци - Бродец, Brodec, North Macedonia",attraction,undefined,,,"CONCATENATE(""+3897"",RANDBETWEEN(1000000,9999999))"
453048240,св. Тројица,North Macedonia,Banjane,21.37854295,42.102765399999996,"Sv. Trojitca, Манастир Св. Илија, Banjane, North Macedonia",,monastery,,,"CONCATENATE(""+3897"",RANDBETWEEN(1000000,9999999))"
5722266446,Konjuh,North Macedonia,Konjuh,21.9665342,42.1003011,"R29277, Konjuh, North Macedonia",,archaeological_site,always open,,"CONCATENATE(""+3897"",RANDBETWEEN(1000000,9999999))"
5724929432,Bosko Chapel,North Macedonia,Konjuh,21.9606298,42.0995746,"Bosko Chapel, R29277, Konjuh, North Macedonia",,wayside_shrine,,,"CONCATENATE(""+3897"",RANDBETWEEN(1000000,9999999))"
6928597500,,North Macedonia,Konjuh,21.9628186,42.0992419,"R29277, Konjuh, North Macedonia",,archaeological_site,always open,,"CONCATENATE(""+3897"",RANDBETWEEN(1000000,9999999))"
5724919828,Rotonda Konjuh,North Macedonia,Konjuh,21.9658672,42.0949995,"Rotonda Konjuh, R29277, Konjuh, North Macedonia",,ruins,,,"CONCATENATE(""+3897"",RANDBETWEEN(1000000,9999999))"
2829462221,Мачка камен,North Macedonia,Konjuh,21.9627449,42.0853984,"Macka kamen, R29277, Konjuh, North Macedonia",,archaeological_site,always open,,"CONCATENATE(""+3897"",RANDBETWEEN(1000000,9999999))"
1475331129,Давина Кула,North Macedonia,Gluvo,21.3548716,42.0843452,"Davina Kula, A4, Gluvo, North Macedonia",,archaeological_site,always open,,"CONCATENATE(""+3897"",RANDBETWEEN(1000000,9999999))"
2373710718,Цоцев Камен,North Macedonia,Shopsko Rudare,21.9862589,42.0836218,"Cocev Kamen, Shopsko Rudare, Northeastern Region, North Macedonia",attraction,archaeological_site,always open,,"CONCATENATE(""+3897"",RANDBETWEEN(1000000,9999999))"
5055455123,Саат-кула,North Macedonia,Kratovo,22.1818109,42.0792053,"Clock Tower, Браќа Миладинови, Kratovo, North Macedonia",,monument,,,"CONCATENATE(""+3897"",RANDBETWEEN(1000000,9999999))"
5055455125,Златковичева кула,North Macedonia,Kratovo,22.1809805,42.0788289,"Zlatkovich Tower, Гоце Делчев, Kratovo, North Macedonia",,monument,,,"CONCATENATE(""+3897"",RANDBETWEEN(1000000,9999999))"
5055455126,Симиќева кула,North Macedonia,Kratovo,22.1794714,42.0786957,"Simikj Tower, Трајче Арсов, Kratovo, North Macedonia",,monument,,,"CONCATENATE(""+3897"",RANDBETWEEN(1000000,9999999))"
5055432425,Емин-бегова кула,North Macedonia,Kratovo,22.1823517,42.0769461,"Emin Bey Tower, Скопска, Kratovo, North Macedonia",attraction,monument,,,"CONCATENATE(""+3897"",RANDBETWEEN(1000000,9999999))"
5055432426,Крстева кула,North Macedonia,Kratovo,22.1826261,42.0768838,"Krste's Tower, Скопска, Kratovo, North Macedonia",,monument,,,"CONCATENATE(""+3897"",RANDBETWEEN(1000000,9999999))"
5055444426,Хаџикостова кула,North Macedonia,Kratovo,22.1822635,42.0768628,"Hadji Kostov Tower, Јосиф Даскалов, Kratovo, North Macedonia",,monument,,,"CONCATENATE(""+3897"",RANDBETWEEN(1000000,9999999))"
1734593430,Gradiste kaj s.Brazda,North Macedonia,Brazda,21.398848,42.0766913,"Gradiste kaj s.Brazda, R2239, Brazda, North Macedonia",,archaeological_site,always open,,"CONCATENATE(""+3897"",RANDBETWEEN(1000000,9999999))"
470409981,Манастир Св. Ѓорѓија,North Macedonia,Kuchkovo,21.3001786,42.0690911,"Манастир Св. Ѓорѓија, Улица 103, Kuchkovo, North Macedonia",attraction,,,,"CONCATENATE(""+3897"",RANDBETWEEN(1000000,9999999))"
1475333181,Голема Кула - Кучково,North Macedonia,Gorno Svilare,21.2786993,42.0587494,"Голема Кула - Кучково, Street 1, 1060 Gorno Svilare, North Macedonia",,archaeological_site,always open,,"CONCATENATE(""+3897"",RANDBETWEEN(1000000,9999999))"
1475328742,Rimska crkva,North Macedonia,Orman,21.3527926,42.0586697,"Rimska crkva, Mother Teresa, 1060 Orman, North Macedonia",,archaeological_site,always open,,"CONCATENATE(""+3897"",RANDBETWEEN(1000000,9999999))"
1475333182,Мала Кула - Кучково,North Macedonia,Kuchkovo,21.2844339,42.0585741,"Мала Кула - Кучково, Улица 103, Kuchkovo, North Macedonia",,archaeological_site,always open,,"CONCATENATE(""+3897"",RANDBETWEEN(1000000,9999999))"
8685631871,,North Macedonia,Jastrebnik,22.3544954,42.03468,"R1309, Jastrebnik, North Macedonia",,memorial,always open,,"CONCATENATE(""+3897"",RANDBETWEEN(1000000,9999999))"
5317046322,,North Macedonia,Skopje,21.4188415,42.0229063,"Булевар Словенија, 1009 Skopje, North Macedonia",,memorial,always open,,"CONCATENATE(""+3897"",RANDBETWEEN(1000000,9999999))"
7508523397,Ерол Готак,North Macedonia,Brnjarci,21.5486015,42.0227044,"Ерол Готак, Методија Андонов Ченто, 1041 Brnjarci, North Macedonia",,memorial,always open,,"CONCATENATE(""+3897"",RANDBETWEEN(1000000,9999999))"
7508523396,Кирил Петрушевски,North Macedonia,Brnjarci,21.5480468,42.0225556,"Кирил Петрушевски, Методија Андонов Ченто, 1041 Brnjarci, North Macedonia",,memorial,always open,,"CONCATENATE(""+3897"",RANDBETWEEN(1000000,9999999))"
7508523395,Ацо Ангеловски,North Macedonia,Brnjarci,21.5476216,42.022416,"Ацо Ангеловски, Методија Андонов Ченто, 1041 Brnjarci, North Macedonia",,memorial,always open,,"CONCATENATE(""+3897"",RANDBETWEEN(1000000,9999999))"
180360206,Аквадукт Скопје,North Macedonia,Skopje,21.4189735,42.0222287,"Skopje Aqueduct, Булевар Словенија, 1009 Skopje, North Macedonia",attraction,aqueduct,,,"CONCATENATE(""+3897"",RANDBETWEEN(1000000,9999999))"
424490169,Скупи,North Macedonia,Skopje,21.388207002930677,42.02043115,"Scupi, Улица 10, 1020 Skopje, North Macedonia",,archaeological_site,always open,,"CONCATENATE(""+3897"",RANDBETWEEN(1000000,9999999))"
5812672954,Doma,North Macedonia,Skopje,21.4434502,42.0169571,"Doma, Kemal Sejfulla, 1009 Skopje, North Macedonia",,monument,,,"CONCATENATE(""+3897"",RANDBETWEEN(1000000,9999999))"
32463336,Скупи,North Macedonia,Skopje,21.392288022961427,42.016507849999996,"Scupi, Улица 10, 1020 Skopje, North Macedonia",attraction,archaeological_site,always open,,"CONCATENATE(""+3897"",RANDBETWEEN(1000000,9999999))"
181986735,Лесновски манастир,North Macedonia,Dreveno,22.228293915711326,42.01325205,"Lesnovo Monastery, R1309, Dreveno, North Macedonia",attraction,undefined,,,"CONCATENATE(""+3897"",RANDBETWEEN(1000000,9999999))"
32885596,Француски гробишта,North Macedonia,Skopje,21.429835380611912,42.00834675,"French Cemetery, Samoilova, 1009 Skopje, North Macedonia",,monument,,,"CONCATENATE(""+3897"",RANDBETWEEN(1000000,9999999))"
10733732764,99.4-025,North Macedonia,Skopje,21.3631045,42.0080767,"99.4-025, Булевар Македонска Војска, 1060 Skopje, North Macedonia",attraction,locomotive,,,"CONCATENATE(""+3897"",RANDBETWEEN(1000000,9999999))"
1154135605,,North Macedonia,Skopje,21.3631045,42.0080767,"Булевар Македонска Војска, 1060 Skopje, North Macedonia",,rail,,,"CONCATENATE(""+3897"",RANDBETWEEN(1000000,9999999))"
44039295,Јаја-пашина џамија,North Macedonia,Skopje,21.442141990103817,42.00754015,"Yaya Pacha Mosque, Bulevard Cvetan Dimov, 1000 Skopje, North Macedonia",attraction,,,,"CONCATENATE(""+3897"",RANDBETWEEN(1000000,9999999))"
6054049798,,North Macedonia,Skopje,21.3655391,42.0072121,"Gjorche Petrov, 1060 Skopje, North Macedonia",,memorial,always open,,"CONCATENATE(""+3897"",RANDBETWEEN(1000000,9999999))"
172348137,Природонаучен Музеј,North Macedonia,Skopje,21.4174425,42.005709,"Macedonian Museum of Natural History, Boulevard Ilinden, 1000 Skopje, North Macedonia",museum,,Mon-Fri 08:00-16:00,,"CONCATENATE(""+3897"",RANDBETWEEN(1000000,9999999))"
4895300521,Haji Balaban Masjid,North Macedonia,Skopje,21.4368762,42.0048505,"Haji Balaban Masjid, Дрварска, 1009 Skopje, North Macedonia",,monument,,,"CONCATENATE(""+3897"",RANDBETWEEN(1000000,9999999))"
9200216569,Dane kraptzew,North Macedonia,Skopje,21.4185013,42.0043082,"Dane kraptzew, Алберт Ајнштајн, 1000 Skopje, North Macedonia",,memorial,always open,,"CONCATENATE(""+3897"",RANDBETWEEN(1000000,9999999))"
32887087,Музеј на современата уметност,North Macedonia,Skopje,21.43295144190639,42.00388665,"Contemporary Art Museum of Macedonia, Samoilova, 1000 Skopje, North Macedonia",museum,,Mon-Fri 08:00-16:00,msu-info@msuskopje.org.mk,"CONCATENATE(""+3897"",RANDBETWEEN(1000000,9999999))"
367860262,Гоце Делчев,North Macedonia,Skopje,21.4233737,42.0032812,"Гоце Делчев, Наум Наумовски Борче, 1111 Skopje, North Macedonia",,monument,,,"CONCATENATE(""+3897"",RANDBETWEEN(1000000,9999999))"
44038732,Иса-бегова џамија,North Macedonia,Skopje,21.44176148755369,42.0032292,"Иса-бегова џамија, Петре Георгиев, 1000 Skopje, North Macedonia",attraction,,,,"CONCATENATE(""+3897"",RANDBETWEEN(1000000,9999999))"
5360062,Куршумли-ан,North Macedonia,Skopje,21.436843019083355,42.0031499,"Куршумли-ан, Атанас Бабата, 1000 Skopje, North Macedonia",museum,,Mon-Fri 08:00-16:00,,"CONCATENATE(""+3897"",RANDBETWEEN(1000000,9999999))"
32812963,Музеј на Македонија,North Macedonia,Skopje,21.435807086185395,42.0026418,"Museum of Macedonia, Св. Прохор Пчињски, 1000 Skopje, North Macedonia",museum,,Mon-Fri 08:00-16:00,,"CONCATENATE(""+3897"",RANDBETWEEN(1000000,9999999))"
172178304,Мустафа-пашина џамија,North Macedonia,Skopje,21.4354653054777,42.002023449999996,"Mustafa Pasha's Mosque, Свеќарска, 1000 Skopje, North Macedonia",attraction,,,,"CONCATENATE(""+3897"",RANDBETWEEN(1000000,9999999))"
44038503,Саат-кула,North Macedonia,Skopje,21.44134652290837,42.0019954,"Саат-кула, Васил Анџеларски, 1000 Skopje, North Macedonia",attraction,,,,"CONCATENATE(""+3897"",RANDBETWEEN(1000000,9999999))"
1857486060,Филип Втори,North Macedonia,Skopje,21.4617772,42.0017233,"Филип Втори, Плоштад Автокоманда, 1001 Skopje, North Macedonia",,monument,,,"CONCATENATE(""+3897"",RANDBETWEEN(1000000,9999999))"
4477202789,Вера Јоциќ,North Macedonia,Skopje,21.4283664,42.0016804,"Vera Jocik, Јордан Хаџиконстантинов Џинот, 1111 Skopje, North Macedonia",,monument,,,"CONCATENATE(""+3897"",RANDBETWEEN(1000000,9999999))"
231344771,Тумба Маџари,North Macedonia,Skopje,21.505424101339443,42.0013717,"Tumba Madzhari, 22, Skopje, North Macedonia",attraction,archaeological_site,always open,,"CONCATENATE(""+3897"",RANDBETWEEN(1000000,9999999))"
172158102,,North Macedonia,Skopje,21.4333925,42.001219,"Св. Прохор Пчињски, 1111 Skopje, North Macedonia",,castle,Mon-Sunday 07:00-19:00,,"CONCATENATE(""+3897"",RANDBETWEEN(1000000,9999999))"
474869860,Турска Чаршија,North Macedonia,Skopje,21.437161425282056,42.001158700000005,"Turkish Bazaar, Леблебиџиска, 1009 Skopje, North Macedonia",attraction,,,,"CONCATENATE(""+3897"",RANDBETWEEN(1000000,9999999))"
180363121,Национална галерија на Македонија „Чифте-амам“,North Macedonia,Skopje,21.43727285,42.0011289,"Chifte Hammam National Gallery of Macedonia, Леблебиџиска, 1000 Skopje, North Macedonia",gallery,,,contact@nationalgallery.mk,"CONCATENATE(""+3897"",RANDBETWEEN(1000000,9999999))"
5841719696,,North Macedonia,Skopje,21.4344426,42.0011065,"Samoilova, 1111 Skopje, North Macedonia",,memorial,always open,,"CONCATENATE(""+3897"",RANDBETWEEN(1000000,9999999))"
369750026,Влез на Скопското кале,North Macedonia,Skopje,21.4338778,42.0008716,"Skopje Fortress Gate, Samoilova, 1111 Skopje, North Macedonia",,city_gate,Mon-Sunday 07:00-19:00,,"CONCATENATE(""+3897"",RANDBETWEEN(1000000,9999999))"
4365876494,Мустафа-пашина џамија,North Macedonia,Skopje,21.4375046,42.000853,"Murat Pasha Mosque, Битпазарска, 1009 Skopje, North Macedonia",,monument,,,"CONCATENATE(""+3897"",RANDBETWEEN(1000000,9999999))"
474873958,Скопско кале,North Macedonia,Skopje,21.43304745850797,42.00080145,"Skopje Fortress, Самоилова, 1111 Skopje, North Macedonia",attraction,castle,Mon-Sunday 07:00-19:00,,"CONCATENATE(""+3897"",RANDBETWEEN(1000000,9999999))"
411111584,,North Macedonia,Skopje,21.432342900000002,42.000445150000004,"Самоилова, 1111 Skopje, North Macedonia",,undefined,,,"CONCATENATE(""+3897"",RANDBETWEEN(1000000,9999999))"
10006874002,Јаким Д Стојковски,North Macedonia,Probishtip,22.1778987,42.0001506,"Јаким Д Стојковски, Јордан Стојанов, Probishtip, North Macedonia",,memorial,always open,,"CONCATENATE(""+3897"",RANDBETWEEN(1000000,9999999))"
177695168,,North Macedonia,Skopje,21.43484208685252,42.0000872,"Samoilova, 1111 Skopje, North Macedonia",,undefined,,,"CONCATENATE(""+3897"",RANDBETWEEN(1000000,9999999))"
177695165,,North Macedonia,Skopje,21.435054601483444,42.00007840000001,"Samoilova, 1111 Skopje, North Macedonia",,undefined,,,"CONCATENATE(""+3897"",RANDBETWEEN(1000000,9999999))"
5360060,Капан АН,North Macedonia,Skopje,21.436590011780538,42.00007785,"Капан АН, Салих Асим, 1000 Skopje, North Macedonia",attraction,,,,"CONCATENATE(""+3897"",RANDBETWEEN(1000000,9999999))"
411111578,,North Macedonia,Skopje,21.432842743924528,41.9999322,"Самоилова, 1111 Skopje, North Macedonia",,undefined,,,"CONCATENATE(""+3897"",RANDBETWEEN(1000000,9999999))"
5017098790,,North Macedonia,Skopje,21.432835,41.9999285,"Самоилова, 1111 Skopje, North Macedonia",viewpoint,,,,"CONCATENATE(""+3897"",RANDBETWEEN(1000000,9999999))"
411111604,,North Macedonia,Skopje,21.433059552132786,41.9999072,"Самоилова, 1111 Skopje, North Macedonia",,undefined,,,"CONCATENATE(""+3897"",RANDBETWEEN(1000000,9999999))"
34321902,,North Macedonia,Skopje,21.4333992,41.9999059,"Самоилова, 1111 Skopje, North Macedonia",,castle,Mon-Sunday 07:00-19:00,,"CONCATENATE(""+3897"",RANDBETWEEN(1000000,9999999))"
411111616,,North Macedonia,Skopje,21.433205171216485,41.9998872,"Самоилова, 1111 Skopje, North Macedonia",,undefined,,,"CONCATENATE(""+3897"",RANDBETWEEN(1000000,9999999))"
8433354043,Ослободители на Скопје,North Macedonia,Skopje,21.4292436,41.9998632,"The Liberators of Skopje Monument, Boulevard Ilinden, 1111 Skopje, North Macedonia",,monument,,,"CONCATENATE(""+3897"",RANDBETWEEN(1000000,9999999))"
8880547039,Генерал Михаило Апостолски,North Macedonia,Skopje,21.4485415,41.9998618,"Генерал Михаило Апостолски, Alexander of Macedon Boulevard, 1001 Skopje, North Macedonia",,monument,,,"CONCATENATE(""+3897"",RANDBETWEEN(1000000,9999999))"
411111605,,North Macedonia,Skopje,21.4335147,41.99982045,"Самоилова, 1111 Skopje, North Macedonia",,undefined,,,"CONCATENATE(""+3897"",RANDBETWEEN(1000000,9999999))"
6054036213,,North Macedonia,Skopje,21.4195079,41.9996011,"Boulevard Partizanski Odredi, 1000 Skopje, North Macedonia",,memorial,always open,,"CONCATENATE(""+3897"",RANDBETWEEN(1000000,9999999))"
1867151652,Скендербег,North Macedonia,Skopje,21.437162,41.9993163,"Skanderbeg Square, 1111 Skopje, North Macedonia",artwork,memorial,always open,,"CONCATENATE(""+3897"",RANDBETWEEN(1000000,9999999))"
585158922,Плоштад Скендербег,North Macedonia,Skopje,21.43714397738907,41.99928785,"Skanderbeg Square, Dukjandzhik, Skopje, City of Skopje, North Macedonia",,,,,"CONCATENATE(""+3897"",RANDBETWEEN(1000000,9999999))"
7102244287,Galerija RA,North Macedonia,Skopje,21.3865879,41.9989569,"Gallery RA, Vojvoda Vasil Chakalarov 94, 1000 Skopje, North Macedonia",museum,,Mon-Fri 08:00-16:00,galerija.ra@gmail.com,"CONCATENATE(""+3897"",RANDBETWEEN(1000000,9999999))"
8883349543,Генерал Михајло Апостолски,North Macedonia,Skopje,21.4506665,41.9988251,"Генерал Михајло Апостолски, Belasica, 1001 Skopje, North Macedonia",,memorial,always open,,"CONCATENATE(""+3897"",RANDBETWEEN(1000000,9999999))"
172171547,Национална галерија „Даут-пашин амам“,North Macedonia,Skopje,21.43572365,41.9987239,"Daut Pasha Hamam National Gallery, Плоштад ""Карпошово Востание"", 1000 Skopje, North Macedonia",museum,,Mon-Fri 08:00-16:00,contact@nationalgallery.mk,"CONCATENATE(""+3897"",RANDBETWEEN(1000000,9999999))"
9200216072,Soldier with gun on horse,North Macedonia,Skopje,21.4377285,41.9986089,"Soldier with gun on horse, Goce Delčev Boulevard, 1111 Skopje, North Macedonia",,monument,,,"CONCATENATE(""+3897"",RANDBETWEEN(1000000,9999999))"
175265123,Соборен храм Свети Климент Охридски,North Macedonia,Skopje,21.426408947802308,41.99852765,"Church of St. Clement of Ohrid, Boulevard Partizanski Odredi, 1000 Skopje, North Macedonia",attraction,,,,"CONCATENATE(""+3897"",RANDBETWEEN(1000000,9999999))"
172186249,Меморијален центар на холокаустот на Евреите од Македонија,North Macedonia,Skopje,21.433383238325625,41.9984656,"Holocaust Memorial Center for the Jews of Macedonia, Самоилова 2, 1000 Skopje, North Macedonia",museum,memorial,Mon-Fri 08:00-16:00always open,info@holocaustfund.org.mk,"CONCATENATE(""+3897"",RANDBETWEEN(1000000,9999999))"
1859114111,Филип II Македонски,North Macedonia,Skopje,21.4349949,41.9984602,"Philip II of Macedon, Плоштад ""Карпошово Востание"", 1111 Skopje, North Macedonia",artwork,memorial,always open,,"CONCATENATE(""+3897"",RANDBETWEEN(1000000,9999999))"
1866944575,Св. Климент Охридски,North Macedonia,Skopje,21.4254968,41.9983057,"Clement of Ohrid, Bulevard Kliment Ohridski, 1111 Skopje, North Macedonia",artwork,memorial,always open,,"CONCATENATE(""+3897"",RANDBETWEEN(1000000,9999999))"
172180530,Музеј на македонската борба,North Macedonia,Skopje,21.433186465778192,41.9979421,"Museum of the Macedonian struggle, 11 Март 1, 1000 Skopje, North Macedonia",museum,,Mon-Fri 08:00-16:00,mmb@mmb.org.mk,"CONCATENATE(""+3897"",RANDBETWEEN(1000000,9999999))"
4161249330,Олимпија,North Macedonia,Skopje,21.4344182,41.9979046,"Olympias, Плоштад ""Карпошово Востание"", 1111 Skopje, North Macedonia",artwork,memorial,always open,,"CONCATENATE(""+3897"",RANDBETWEEN(1000000,9999999))"
4128156210,Св. Климент Охридски и Наум Охридски Чудотворец,North Macedonia,Skopje,21.4341509,41.9975624,"Saints Clement of Ohrid and Naum, Плоштад ""Карпошово Востание"", 1111 Skopje, North Macedonia",artwork,memorial,always open,,"CONCATENATE(""+3897"",RANDBETWEEN(1000000,9999999))"
411079115,Камен мост,North Macedonia,Skopje,21.4334562,41.9972545,"Камен мост, Stone Bridge, 1111 Skopje, North Macedonia",,monument,,,"CONCATENATE(""+3897"",RANDBETWEEN(1000000,9999999))"
7769292645,,North Macedonia,Skopje,21.4333292,41.9972086,"Stone Bridge, 1111 Skopje, North Macedonia",,memorial,always open,,"CONCATENATE(""+3897"",RANDBETWEEN(1000000,9999999))"
229930502,Археолошки музеј на Македонија,North Macedonia,Skopje,21.434365687802767,41.9968813,"Archaeological Museum of Macedonia, Мост на цивилизациите во Македонија, 1000 Skopje, North Macedonia",museum,,Mon-Fri 08:00-16:00,,"CONCATENATE(""+3897"",RANDBETWEEN(1000000,9999999))"
4161113453,Јустинијан I,North Macedonia,Skopje,21.4323054,41.9968799,"Justinian I, Macedonia Square, 1111 Skopje, North Macedonia",artwork,memorial,always open,,"CONCATENATE(""+3897"",RANDBETWEEN(1000000,9999999))"
4161113452,Даме Груев,North Macedonia,Skopje,21.4321474,41.9964949,"Dame Gruev, Macedonia Square, 1111 Skopje, North Macedonia",artwork,memorial,always open,,"CONCATENATE(""+3897"",RANDBETWEEN(1000000,9999999))"
10913797906,Споменик „Солунски атентатори и Гемиџии“,North Macedonia,Skopje,21.4328484,41.9964125,"Споменик „Солунски атентатори и Гемиџии“, Плоштад Македониja, 1111 Skopje, North Macedonia",,memorial,always open,,"CONCATENATE(""+3897"",RANDBETWEEN(1000000,9999999))"
553070358,Колонада,North Macedonia,Skopje,21.435844318649742,41.9963886,"Колонада, Mother Teresa Square, 1111 Skopje, North Macedonia",,monument,,,"CONCATENATE(""+3897"",RANDBETWEEN(1000000,9999999))"
5841674945,The Bridge of Civilizations in Macedonia,North Macedonia,Skopje,21.4339472,41.9963717,"The Bridge of Civilizations in Macedonia, Bridge of Civilizations, 1111 Skopje, North Macedonia",,memorial,always open,,"CONCATENATE(""+3897"",RANDBETWEEN(1000000,9999999))"
5711419372,Гоце Делчев,North Macedonia,Skopje,21.4323793,41.9963577,"Goce Delchev, Macedonia Square, 1111 Skopje, North Macedonia",artwork,memorial,always open,,"CONCATENATE(""+3897"",RANDBETWEEN(1000000,9999999))"
6987611917,Museum of illusions,North Macedonia,Skopje,21.4291373,41.9962134,"Museum of illusions, Maksim Gorki 10, 1111 Skopje, North Macedonia",museum,,Mon-Fri 08:00-16:00,,"CONCATENATE(""+3897"",RANDBETWEEN(1000000,9999999))"
176164721,Плоштад Македонија,North Macedonia,Skopje,21.43173662324324,41.996094,"Macedonia Square, Debar Maalo, Skopje, City of Skopje, North Macedonia",,,,,"CONCATENATE(""+3897"",RANDBETWEEN(1000000,9999999))"
8883349545,Blaže Koneski,North Macedonia,Skopje,21.4408764,41.9960802,"Blaže Koneski, Булевар Крсте Мисирков, 1001 Skopje, North Macedonia",,monument,,,"CONCATENATE(""+3897"",RANDBETWEEN(1000000,9999999))"
8883349544,Krste Petkov Misirkov,North Macedonia,Skopje,21.4412009,41.9960184,"Krste Petkov Misirkov, Kej Dimitar Vlahov, 1001 Skopje, North Macedonia",,monument,,,"CONCATENATE(""+3897"",RANDBETWEEN(1000000,9999999))"
6054049805,,North Macedonia,Skopje,21.4331831,41.9959384,"Kej 13 Noemvri, 1111 Skopje, North Macedonia",,memorial,always open,,"CONCATENATE(""+3897"",RANDBETWEEN(1000000,9999999))"
908273421,Воин на коњ,North Macedonia,Skopje,21.4314474,41.9959035,"Warrior on a Horse, Macedonia Square, 1111 Skopje, North Macedonia",artwork,monument,,,"CONCATENATE(""+3897"",RANDBETWEEN(1000000,9999999))"
476192899,Мост на уметноста,North Macedonia,Skopje,21.435934969343066,41.9957163,"Bridge of Artists, Bridge of the Arts, 1111 Skopje, North Macedonia",attraction,,,,"CONCATENATE(""+3897"",RANDBETWEEN(1000000,9999999))"
6054048485,Методија Андонов - Ченто,North Macedonia,Skopje,21.4306041,41.9957136,"Методија Андонов - Ченто, Maksim Gorki, 1111 Skopje, North Macedonia",,memorial,always open,,"CONCATENATE(""+3897"",RANDBETWEEN(1000000,9999999))"
4149143991,Цар Самоил,North Macedonia,Skopje,21.4313414,41.9953917,"Tsar Samuel, Macedonia Square, 1000 Skopje, North Macedonia",artwork,memorial,always open,,"CONCATENATE(""+3897"",RANDBETWEEN(1000000,9999999))"
6054035627,,North Macedonia,Skopje,21.4274744,41.9953188,"Dimitrie Čupovski, 1111 Skopje, North Macedonia",,memorial,always open,,"CONCATENATE(""+3897"",RANDBETWEEN(1000000,9999999))"
5901740885,Спомен плоча на Мајка Тереза,North Macedonia,Skopje,21.4319995,41.9952759,"Mother Teresa Old House Place, 11 Oktomvri, 1000 Skopje, North Macedonia",,memorial,always open,,"CONCATENATE(""+3897"",RANDBETWEEN(1000000,9999999))"
3713662739,Josip Broz Tito,North Macedonia,Skopje,21.426153,41.9952169,"Josip Broz Tito, Dimitrie Čupovski, 1000 Skopje, North Macedonia",artwork,memorial,always open,,"CONCATENATE(""+3897"",RANDBETWEEN(1000000,9999999))"
6054048494,Monument Hristo Uzunov,North Macedonia,Skopje,21.4293515,41.9950349,"Monument Hristo Uzunov, Nikola Vapcarov, 1111 Skopje, North Macedonia",,memorial,always open,,"CONCATENATE(""+3897"",RANDBETWEEN(1000000,9999999))"
4380846206,Споменик на Јуриј Гагарин,North Macedonia,Skopje,21.4108745,41.9949279,"Yuri Gagarin Monument, Yuri Gagarin, 1020 Skopje, North Macedonia",,monument,,,"CONCATENATE(""+3897"",RANDBETWEEN(1000000,9999999))"
9026624343,Павел Шатев,North Macedonia,Skopje,21.4326511,41.9945304,"Pavel Šatev, 11 Oktomvri, 1111 Skopje, North Macedonia",,monument,,,"CONCATENATE(""+3897"",RANDBETWEEN(1000000,9999999))"
239422349,Порта Македонија,North Macedonia,Skopje,21.432425350000003,41.9944541,"Porta Macedonia, 11 Oktomvri 4А, 1000 Skopje, North Macedonia",,monument,,PortaMK@mmb.org.mk,"CONCATENATE(""+3897"",RANDBETWEEN(1000000,9999999))"
6821158694,2 musicians and one dancing man,North Macedonia,Skopje,21.4307922,41.9943288,"2 musicians and one dancing man, Makedonija, 1111 Skopje, North Macedonia",,memorial,always open,,"CONCATENATE(""+3897"",RANDBETWEEN(1000000,9999999))"
176051871,Спомен куќа на Мајка Тереза,North Macedonia,Skopje,21.430863455296766,41.9938448,"Memorial House of Mother Teresa, Makedonija, 1000 Skopje, North Macedonia",museum,,Mon-Fri 08:00-16:00,info@memorialhouseofmotherteresa.org,"CONCATENATE(""+3897"",RANDBETWEEN(1000000,9999999))"
9078062189,Невена Георгиева-Дуња,North Macedonia,Skopje,21.4332709,41.993726,"Невена Георгиева-Дуња, Dimitrie Chupovski, 1111 Skopje, North Macedonia",,memorial,always open,,"CONCATENATE(""+3897"",RANDBETWEEN(1000000,9999999))"
367853384,Питу Гули,North Macedonia,Skopje,21.433319,41.9936737,"Питу Гули, Dimitrie Chupovski, 1111 Skopje, North Macedonia",,monument,,,"CONCATENATE(""+3897"",RANDBETWEEN(1000000,9999999))"
4271160712,Бегова кула,North Macedonia,Skopje,21.4317487,41.9936684,"Bey's Tower, Dimitrie Chupovski, 1111 Skopje, North Macedonia",attraction,monument,,,"CONCATENATE(""+3897"",RANDBETWEEN(1000000,9999999))"
4183631289,Прометеј,North Macedonia,Skopje,21.4337226,41.993303,"Prometheus, Dimitrie Chupovski, 1111 Skopje, North Macedonia",,monument,,,"CONCATENATE(""+3897"",RANDBETWEEN(1000000,9999999))"
4386764089,Никола Карев,North Macedonia,Skopje,21.4332009,41.9930188,"Никола Карев, Dimitrie Chupovski, 1111 Skopje, North Macedonia",,monument,,,"CONCATENATE(""+3897"",RANDBETWEEN(1000000,9999999))"
9269907745,Атентат на Киро Глигоров,North Macedonia,Skopje,21.4296159,41.9918182,"Atentat of Kiro Gligorov, Makedonija, 1111 Skopje, North Macedonia",,memorial,always open,,"CONCATENATE(""+3897"",RANDBETWEEN(1000000,9999999))"
176040285,Музеј на Град Скопје,North Macedonia,Skopje,21.429198166347987,41.990831150000005,"Museum of the City of Skopje, Bulevard Makedonija, 1000 Skopje, North Macedonia",museum,,Mon-Fri 08:00-16:00,,"CONCATENATE(""+3897"",RANDBETWEEN(1000000,9999999))"
6136130988,patarina-160,North Macedonia,Glumovo,21.2926787,41.9885405,"patarina-160, Mother Terese, Glumovo, North Macedonia",,monument,,,"CONCATENATE(""+3897"",RANDBETWEEN(1000000,9999999))"
244812164,Ел Калем,North Macedonia,Arnakija,21.2876486945571,41.9869501,"Ел Калем, R1206, Arnakija, North Macedonia",museum,,Mon-Fri 08:00-16:00,,"CONCATENATE(""+3897"",RANDBETWEEN(1000000,9999999))"
4266031693,Стара Рампа,North Macedonia,Skopje,21.4369668,41.986749,"Стара Рампа, Булевар Македонија, 1111 Skopje, North Macedonia",,monument,,,"CONCATENATE(""+3897"",RANDBETWEEN(1000000,9999999))"
4242928035,Тодор Александров,North Macedonia,Skopje,21.439106,41.9834333,"Тодор Александров, Иван Козаров, 1111 Skopje, North Macedonia",,monument,,,"CONCATENATE(""+3897"",RANDBETWEEN(1000000,9999999))"
470931894,,North Macedonia,Skopje,21.444347801209794,41.98282535,"Михаил Чаков, 1001 Skopje, North Macedonia",,ruins,,,"CONCATENATE(""+3897"",RANDBETWEEN(1000000,9999999))"
470931895,,North Macedonia,Skopje,21.444502401552832,41.98273595,"Михаил Чаков, 1001 Skopje, North Macedonia",,ruins,,,"CONCATENATE(""+3897"",RANDBETWEEN(1000000,9999999))"
7564125585,Горан Миноски,North Macedonia,Rogle,21.1745241,41.9781971,"Горан Миноски, Масакр кај Карпалак, Rogle, North Macedonia",,memorial,always open,,"CONCATENATE(""+3897"",RANDBETWEEN(1000000,9999999))"
10733732766,83-064,North Macedonia,Skopje,21.4618597,41.9780627,"83-064, 3 Makedonska Brigada, 1001 Skopje, North Macedonia",attraction,locomotive,,,"CONCATENATE(""+3897"",RANDBETWEEN(1000000,9999999))"
1154136835,,North Macedonia,Skopje,21.4618597,41.9780627,"3 Makedonska Brigada, 1001 Skopje, North Macedonia",,rail,,,"CONCATENATE(""+3897"",RANDBETWEEN(1000000,9999999))"
7473959214,PMK301 / PH-KXL,North Macedonia,Bunardjik,21.6157628,41.9779001,"PMK301 / PH-KXL, A2, 1043 Bunardjik, North Macedonia",,memorial,always open,,"CONCATENATE(""+3897"",RANDBETWEEN(1000000,9999999))"
7564125586,Марко Деспотоски,North Macedonia,Rogle,21.1713626,41.977893,"Марко Деспотоски, Масакр кај Карпалак, Rogle, North Macedonia",,memorial,always open,,"CONCATENATE(""+3897"",RANDBETWEEN(1000000,9999999))"
7564103282,Сашо Китаноски,North Macedonia,Rogle,21.1773385,41.977847,"Сашо Китаноски, Масакр кај Карпалак, Rogle, North Macedonia",,memorial,always open,,"CONCATENATE(""+3897"",RANDBETWEEN(1000000,9999999))"
7564103283,Бранко Секулоски,North Macedonia,Rogle,21.1679024,41.97753,"Бранко Секулоски, Масакр кај Карпалак, Rogle, North Macedonia",,memorial,always open,,"CONCATENATE(""+3897"",RANDBETWEEN(1000000,9999999))"
7564125591,Пеце Секулоски,North Macedonia,Rogle,21.1770879,41.977042,"Пеце Секулоски, R1206, Rogle, North Macedonia",,memorial,always open,,"CONCATENATE(""+3897"",RANDBETWEEN(1000000,9999999))"
7564125589,Дарко Велјаноски,North Macedonia,Rogle,21.1717935,41.9770406,"Дарко Велјаноски, R1206, Rogle, North Macedonia",,memorial,always open,,"CONCATENATE(""+3897"",RANDBETWEEN(1000000,9999999))"
808916278,Масакр кај Карпалак,North Macedonia,Rogle,21.167564835975803,41.9769697,"Karpalak massacre, Rogle, Polog Region, North Macedonia",,battlefield,,,"CONCATENATE(""+3897"",RANDBETWEEN(1000000,9999999))"
123273638,Манастир Св. Пантелејмон,North Macedonia,Gorno Nerezi,21.374483507282775,41.9768751,"Monastery Sv. Pantelejmon, R2138, 1000 Gorno Nerezi, North Macedonia",attraction,,,,"CONCATENATE(""+3897"",RANDBETWEEN(1000000,9999999))"
7564125590,Веби Рушитоски,North Macedonia,Rogle,21.1747438,41.9767893,"Веби Рушитоски, R1206, Rogle, North Macedonia",,memorial,always open,,"CONCATENATE(""+3897"",RANDBETWEEN(1000000,9999999))"
7564125587,Ердован Шабаноски,North Macedonia,Rogle,21.1675604,41.9767167,"Ердован Шабаноски, R1206, Rogle, North Macedonia",,memorial,always open,,"CONCATENATE(""+3897"",RANDBETWEEN(1000000,9999999))"
7564103281,Нане Наумоски,North Macedonia,Rogle,21.1660504,41.9764851,"Нане Наумоски, Масакр кај Карпалак, Rogle, North Macedonia",,memorial,always open,,"CONCATENATE(""+3897"",RANDBETWEEN(1000000,9999999))"
9673875423,Сухои Су-25УБ,North Macedonia,Miladinovci,21.6216919,41.9755167,"Sukhoi Su25UB, A2, 1043 Miladinovci, North Macedonia",attraction,aircraft,,,"CONCATENATE(""+3897"",RANDBETWEEN(1000000,9999999))"
9673875424,Сухои Су-25К,North Macedonia,Miladinovci,21.6219516,41.9754577,"Sukhoi Su25K, A2, 1043 Miladinovci, North Macedonia",attraction,aircraft,,,"CONCATENATE(""+3897"",RANDBETWEEN(1000000,9999999))"
9673875425,Сухои Су-25К,North Macedonia,Miladinovci,21.6221983,41.9753556,"Sukhoi Su25K, A2, 1043 Miladinovci, North Macedonia",attraction,aircraft,,,"CONCATENATE(""+3897"",RANDBETWEEN(1000000,9999999))"
9673875426,Сухои Су-25К,North Macedonia,Miladinovci,21.6224322,41.975287,"Sukhoi Su25K, A2, 1043 Miladinovci, North Macedonia",attraction,aircraft,,,"CONCATENATE(""+3897"",RANDBETWEEN(1000000,9999999))"
3951819342,Маркови Кули,North Macedonia,Skopje,21.4313461,41.9682709,"Markovi Kuli, R2138, 1054 Skopje, North Macedonia",,ruins,,,"CONCATENATE(""+3897"",RANDBETWEEN(1000000,9999999))"
229939246,Милениумски крст,North Macedonia,Skopje,21.394588006962863,41.964978349999996,"Millennium Cross, Карпи, 1054 Skopje, North Macedonia",attraction,,,,"CONCATENATE(""+3897"",RANDBETWEEN(1000000,9999999))"
5932385385,Резиденцијата Главинов,North Macedonia,Skopje,21.4422187,41.958616,"Residence Glavinov, Hristo Tatarchev 292 А, 1000 Skopje, North Macedonia",,castle,Mon-Sunday 07:00-19:00,aleksglavinov@gmail.com,"CONCATENATE(""+3897"",RANDBETWEEN(1000000,9999999))"
10914553383,Света Троица и Свети Ѓорѓија,North Macedonia,Matka,21.288822,41.9538189,"Holy Trinity and Holy George, Sveta Nedela, Matka, North Macedonia",,ruins,,,"CONCATENATE(""+3897"",RANDBETWEEN(1000000,9999999))"
537926854,Св. Андреј,North Macedonia,Matka,21.2988152,41.952326,"Св. Андреј, Matka, City of Skopje, North Macedonia",attraction,,,,"CONCATENATE(""+3897"",RANDBETWEEN(1000000,9999999))"
1831180502,Манастир Св. Андреј,North Macedonia,Matka,21.2991931,41.9505936,"Monastery St. Andrej, Přehrada Matka - hráz, Matka, North Macedonia",attraction,monument,,,"CONCATENATE(""+3897"",RANDBETWEEN(1000000,9999999))"
513644247,Света Недела,North Macedonia,Matka,21.29151425,41.9497131,"Holy Sunday, Sveta Nedela, Matka, North Macedonia",,monastery,,,"CONCATENATE(""+3897"",RANDBETWEEN(1000000,9999999))"
184313963,Средновековна Кула,North Macedonia,Kochani,22.41208105,41.92340425,"Medieval Tower, Krushevska, 2300 Kochani, North Macedonia",,tower,,,"CONCATENATE(""+3897"",RANDBETWEEN(1000000,9999999))"
184307286,Средновековна Кула,North Macedonia,Kochani,22.409066352140552,41.921549,"Medieval Tower, Ilindenska, 2300 Kochani, North Macedonia",,tower,,,"CONCATENATE(""+3897"",RANDBETWEEN(1000000,9999999))"
444334991,Споменик на слободата,North Macedonia,Kochani,22.4069917,41.9188903,"Monument of Freedom, Kirili i Metodij, 2300 Kochani, North Macedonia",attraction,monument,,,"CONCATENATE(""+3897"",RANDBETWEEN(1000000,9999999))"
1044325422,Споменин на Слободата,North Macedonia,Kochani,22.406993637644128,41.918888949999996,"Freedom Monument, Kirili i Metodij, 2300 Kochani, North Macedonia",,monument,,,"CONCATENATE(""+3897"",RANDBETWEEN(1000000,9999999))"
7947878810,Споменик на Никола Карев,North Macedonia,Kochani,22.412778,41.9156602,"Monument to Nikola Karev, Kej na revolucijata, 2300 Kochani, North Macedonia",,monument,,,"CONCATENATE(""+3897"",RANDBETWEEN(1000000,9999999))"
849621044,Ловен Дом,North Macedonia,Kochani,22.413791841905045,41.9151239,"Ловен Дом, 8mi Septemvri, 2300 Kochani, North Macedonia",museum,,Mon-Fri 08:00-16:00,,"CONCATENATE(""+3897"",RANDBETWEEN(1000000,9999999))"
9661483288,Љупчо Сантов,North Macedonia,Kochani,22.410612,41.9143473,"Љупчо Сантов, Stevo Teodosievski, 2300 Kochani, North Macedonia",,monument,,,"CONCATENATE(""+3897"",RANDBETWEEN(1000000,9999999))"
9661472617,Браќата Просветители Св. Кирил и Методиј,North Macedonia,Kochani,22.4105061,41.9135927,"Браќата Просветители Св. Кирил и Методиј, Gligor Apostolov Gocho, 2300 Kochani, North Macedonia",,monument,,,"CONCATENATE(""+3897"",RANDBETWEEN(1000000,9999999))"
4378846992,Vila Varvarka,North Macedonia,Rakotinci,21.4333848,41.9130467,"Vila Varvarka, R1106, 1050 Rakotinci, North Macedonia",,castle,Mon-Sunday 07:00-19:00,,"CONCATENATE(""+3897"",RANDBETWEEN(1000000,9999999))"
3039854149,Споменик на жртви од НОВ,North Macedonia,Radiovce,20.9636151,41.9062629,"Споменик на жртви од НОВ, 102, 1213 Radiovce, North Macedonia",,monument,,,"CONCATENATE(""+3897"",RANDBETWEEN(1000000,9999999))"
177490047,Марков Манастир,North Macedonia,Markova Sushica,21.402077428718997,41.893344049999996,"Marko's Monastery, R104, 1054 Markova Sushica, North Macedonia",attraction,,,,"CONCATENATE(""+3897"",RANDBETWEEN(1000000,9999999))"
5541143272,Теракота,North Macedonia,Vinica,22.5039935,41.8845661,"Теракота, Angel of Vinica, 2310 Vinica, North Macedonia",,memorial,always open,,"CONCATENATE(""+3897"",RANDBETWEEN(1000000,9999999))"
1272898175,Museum Teracotta,North Macedonia,Vinica,22.5049622,41.8841902,"Museum Teracotta, Angel of Vinica 1a, 2310 Vinica, North Macedonia",museum,,Mon-Fri 08:00-16:00,,"CONCATENATE(""+3897"",RANDBETWEEN(1000000,9999999))"
1110133260,Свет Крст,North Macedonia,Vinica,22.510603730670823,41.8789089,"Свет Крст, 4-та Македонска Бригада, 2310 Vinica, North Macedonia",attraction,,,,"CONCATENATE(""+3897"",RANDBETWEEN(1000000,9999999))"
1109661815,Viničko Kale,North Macedonia,Vinica,22.502735299997816,41.87728705,"Viničko Kale, 30 Avgust, 2310 Vinica, North Macedonia",,ruins,,,"CONCATENATE(""+3897"",RANDBETWEEN(1000000,9999999))"
10173766195,Viničko Kale,North Macedonia,Vinica,22.5027575,41.8768098,"Viničko Kale, 30 Avgust, 2310 Vinica, North Macedonia",,castle,Mon-Sunday 07:00-19:00,,"CONCATENATE(""+3897"",RANDBETWEEN(1000000,9999999))"
8402562316,VAM-304,North Macedonia,Katlanovo,21.6650899,41.8668125,"VAM-304, R2131, 1034 Katlanovo, North Macedonia",,monument,,,"CONCATENATE(""+3897"",RANDBETWEEN(1000000,9999999))"
839150822,Народен Музеј,North Macedonia,Sveti Nikole,21.941906684279893,41.865026799999995,"Народен Музеј, Karposheva, 2220 Sveti Nikole, North Macedonia",museum,,Mon-Fri 08:00-16:00,,"CONCATENATE(""+3897"",RANDBETWEEN(1000000,9999999))"
839150823,Споменик на Народоослободителната борба,North Macedonia,Sveti Nikole,21.938857103019537,41.8647413,"Споменик на Народоослободителната борба, Кочо Рацин, 2220 Sveti Nikole, North Macedonia",,memorial,always open,,"CONCATENATE(""+3897"",RANDBETWEEN(1000000,9999999))"
839150824,Споменик „Александар Серафимов“,North Macedonia,Sveti Nikole,21.93981675115741,41.8647297,"Споменик „Александар Серафимов“, City square ""Ilinden"", 2220 Sveti Nikole, North Macedonia",,monument,,,"CONCATENATE(""+3897"",RANDBETWEEN(1000000,9999999))"
7833094677,Споменик Св. Никола,North Macedonia,Sveti Nikole,21.942062,41.8646892,"Monument of St. Nicholas, Плоштад Илинден, 2220 Sveti Nikole, North Macedonia",,monument,,,"CONCATENATE(""+3897"",RANDBETWEEN(1000000,9999999))"
7833095397,Споменик „Лазар Колишевски“,North Macedonia,Sveti Nikole,21.9410121,41.8644645,"Споменик „Лазар Колишевски“, City square ""Ilinden"", 2220 Sveti Nikole, North Macedonia",,monument,,,"CONCATENATE(""+3897"",RANDBETWEEN(1000000,9999999))"
7836134125,Св. Илија,North Macedonia,Sveti Nikole,21.9386585,41.8627557,"Св. Илија, Ангел Трајчев, 2220 Sveti Nikole, North Macedonia",,memorial,always open,,"CONCATENATE(""+3897"",RANDBETWEEN(1000000,9999999))"
698993277,Bilazora - Water Reservoir,North Macedonia,Sveti Nikole,21.909988400000003,41.84973375,"Bilazora - Water Reservoir, Септемвриска, 2220 Sveti Nikole, North Macedonia",,archaeological_site,always open,,"CONCATENATE(""+3897"",RANDBETWEEN(1000000,9999999))"
5729916159,,North Macedonia,Morodvis,22.4180157,41.8484714,"R2334, Morodvis, North Macedonia",,archaeological_site,always open,,"CONCATENATE(""+3897"",RANDBETWEEN(1000000,9999999))"
603638574,,North Macedonia,Morodvis,22.417955944145113,41.848424449999996,"R2334, Morodvis, North Macedonia",,archaeological_site,always open,,"CONCATENATE(""+3897"",RANDBETWEEN(1000000,9999999))"
514513452,Билазора,North Macedonia,Sveti Nikole,21.912475497732178,41.84715315,"Билазора, Септемвриска, 2220 Sveti Nikole, North Macedonia",,archaeological_site,always open,,"CONCATENATE(""+3897"",RANDBETWEEN(1000000,9999999))"
514513824,,North Macedonia,Sveti Nikole,21.91170803176355,41.8466796,"Септемвриска, 2220 Sveti Nikole, North Macedonia",,archaeological_site,always open,,"CONCATENATE(""+3897"",RANDBETWEEN(1000000,9999999))"
232843018,Маркови Кули,North Macedonia,Letevci,21.699335960810814,41.83810685,"Markovi Kuli, Friendship, Letevci, North Macedonia",attraction,castle,Mon-Sunday 07:00-19:00,,"CONCATENATE(""+3897"",RANDBETWEEN(1000000,9999999))"
677981810,Geoglif Sv. Nikole,North Macedonia,Dolno Crnilishte,21.956505574066757,41.82913655,"Geoglif Sv. Nikole, R1204, 2220 Dolno Crnilishte, North Macedonia",,archaeological_site,always open,,"CONCATENATE(""+3897"",RANDBETWEEN(1000000,9999999))"
6337100523,Kanda - Geoglif Sv. Nikole,North Macedonia,Dolno Crnilishte,21.9562049,41.8289715,"Kanda - Geoglif Sv. Nikole, R1204, 2220 Dolno Crnilishte, North Macedonia",,monument,,,"CONCATENATE(""+3897"",RANDBETWEEN(1000000,9999999))"
3418320912,Масакр кај Пуста Кула,North Macedonia,Rudnik,21.7360635,41.822914,"Масакр кај Пуста Кула, 10113, Rudnik, North Macedonia",,memorial,always open,,"CONCATENATE(""+3897"",RANDBETWEEN(1000000,9999999))"
403342892,,North Macedonia,Vetersko,21.6756788,41.82035155,"Friendship, Vetersko, North Macedonia",,ruins,,,"CONCATENATE(""+3897"",RANDBETWEEN(1000000,9999999))"
403655101,,North Macedonia,Влахчени,21.65286744725077,41.80921845,"10134, Влахчени, North Macedonia",,ruins,,,"CONCATENATE(""+3897"",RANDBETWEEN(1000000,9999999))"
403655102,,North Macedonia,Влахчени,21.653017042919036,41.80904595,"10134, Влахчени, North Macedonia",,ruins,,,"CONCATENATE(""+3897"",RANDBETWEEN(1000000,9999999))"
403655113,,North Macedonia,Влахчени,21.6533338,41.808783250000005,"10134, Влахчени, North Macedonia",,ruins,,,"CONCATENATE(""+3897"",RANDBETWEEN(1000000,9999999))"
602908072,,North Macedonia,Radanje,22.2901715,41.8001301,"R2431, Radanje, North Macedonia",,archaeological_site,always open,,"CONCATENATE(""+3897"",RANDBETWEEN(1000000,9999999))"
602908073,,North Macedonia,Radanje,22.2890957,41.7997307,"R2431, Radanje, North Macedonia",,archaeological_site,always open,,"CONCATENATE(""+3897"",RANDBETWEEN(1000000,9999999))"
602908074,,North Macedonia,Radanje,22.2894072,41.7996769,"R2431, Radanje, North Macedonia",,archaeological_site,always open,,"CONCATENATE(""+3897"",RANDBETWEEN(1000000,9999999))"
5725139643,Bargala,North Macedonia,Radanje,22.289829,41.7995125,"Bargala, R2431, Radanje, North Macedonia",,archaeological_site,always open,,"CONCATENATE(""+3897"",RANDBETWEEN(1000000,9999999))"
189909367,Баргала,North Macedonia,Radanje,22.2904031222993,41.79875415,"Bargala, R2431, Radanje, North Macedonia",attraction,ruins,,,"CONCATENATE(""+3897"",RANDBETWEEN(1000000,9999999))"
2026119373,Sahat Kula,North Macedonia,Gostivar,20.9108574,41.794932,"Sahat Kula, Nikola Parapunov, 1230 Gostivar, North Macedonia",,monument,,,"CONCATENATE(""+3897"",RANDBETWEEN(1000000,9999999))"
417361065,Исар,North Macedonia,Shtip,22.186932789377067,41.7387539,"Исар, 4 та Македонска бригада, 2000 Shtip, North Macedonia",,ruins,,,"CONCATENATE(""+3897"",RANDBETWEEN(1000000,9999999))"
6348392225,,North Macedonia,Shtip,22.1983434,41.738462,"Marshal Tito St., 2000 Shtip, North Macedonia",,memorial,always open,,"CONCATENATE(""+3897"",RANDBETWEEN(1000000,9999999))"
6348392226,,North Macedonia,Shtip,22.1984235,41.7384601,"Marshal Tito St., 2000 Shtip, North Macedonia",,memorial,always open,,"CONCATENATE(""+3897"",RANDBETWEEN(1000000,9999999))"
417361056,Меморијален комплекс на паднатите борци на Револуцијата,North Macedonia,Shtip,22.187537595295147,41.73838535,"Меморијален комплекс на паднатите борци на Револуцијата, 4 та Македонска бригада, 2000 Shtip, North Macedonia",,memorial,always open,,"CONCATENATE(""+3897"",RANDBETWEEN(1000000,9999999))"
5725072268,,North Macedonia,Shtip,22.1863555,41.7376603,"4 та Македонска бригада, 2000 Shtip, North Macedonia",,archaeological_site,always open,,"CONCATENATE(""+3897"",RANDBETWEEN(1000000,9999999))"
443072144,Безистен Штип,North Macedonia,Shtip,22.192699661633892,41.737539999999996,"Безистен Штип, Кузман Јосифовски Питу, 2000 Shtip, North Macedonia",museum,,Mon-Fri 08:00-16:00,,"CONCATENATE(""+3897"",RANDBETWEEN(1000000,9999999))"
679215630,Александар Македонски,North Macedonia,Shtip,22.194037465222507,41.73725115,"Александар Македонски, Marshal Tito St., 2000 Shtip, North Macedonia",,monument,,,"CONCATENATE(""+3897"",RANDBETWEEN(1000000,9999999))"
439347125,Музеј Штип,North Macedonia,Shtip,22.189751253822187,41.73666625,"Музеј Штип, Marshal Tito St., 2000 Shtip, North Macedonia",museum,,Mon-Fri 08:00-16:00,,"CONCATENATE(""+3897"",RANDBETWEEN(1000000,9999999))"
6349377665,,North Macedonia,Shtip,22.1899861,41.7364635,"Marshal Tito St., 2000 Shtip, North Macedonia",,monument,,,"CONCATENATE(""+3897"",RANDBETWEEN(1000000,9999999))"
4357104593,,North Macedonia,Shtip,22.1901029,41.7364573,"Marshal Tito St., 2000 Shtip, North Macedonia",,monument,,,"CONCATENATE(""+3897"",RANDBETWEEN(1000000,9999999))"
4357166289,Споменик на загинатите евреи,North Macedonia,Shtip,22.1903758,41.736405,"Споменик на загинатите евреи, Marshal Tito St., 2000 Shtip, North Macedonia",,monument,,,"CONCATENATE(""+3897"",RANDBETWEEN(1000000,9999999))"
445947375,Гоце Делчев,North Macedonia,Shtip,22.182105149999998,41.73631045,"Гоце Делчев, Dimitar Vlahov, 2000 Shtip, North Macedonia",,monument,,,"CONCATENATE(""+3897"",RANDBETWEEN(1000000,9999999))"
6348392229,,North Macedonia,Shtip,22.201344,41.7363007,"Сутлак, 2000 Shtip, North Macedonia",,memorial,always open,,"CONCATENATE(""+3897"",RANDBETWEEN(1000000,9999999))"
1146996488,Св Кирил и Методи,North Macedonia,Shtip,22.188295844600667,41.736286199999995,"Св Кирил и Методи, Мост Св.Никола, 2000 Shtip, North Macedonia",,monument,,,"CONCATENATE(""+3897"",RANDBETWEEN(1000000,9999999))"
6348392228,,North Macedonia,Shtip,22.2015065,41.7362745,"Сутлак, 2000 Shtip, North Macedonia",,memorial,always open,,"CONCATENATE(""+3897"",RANDBETWEEN(1000000,9999999))"
6348392227,,North Macedonia,Shtip,22.201961,41.7361778,"Сутлак, 2000 Shtip, North Macedonia",,memorial,always open,,"CONCATENATE(""+3897"",RANDBETWEEN(1000000,9999999))"
6348392216,,North Macedonia,Shtip,22.2020987,41.7361643,"Сутлак, 2000 Shtip, North Macedonia",,memorial,always open,,"CONCATENATE(""+3897"",RANDBETWEEN(1000000,9999999))"
150596710,Спомен Костурница,North Macedonia,Veles,21.789453683037888,41.723292650000005,"Kosturnica Memorial, Ганчо Хаџи Панзов, 1400 Veles, North Macedonia",museum,,Mon-Fri 08:00-16:00,,"CONCATENATE(""+3897"",RANDBETWEEN(1000000,9999999))"
6349721704,Споменик на Малешевскиот (Малешки) народноослободителен одред,North Macedonia,Budinarci,22.6569551,41.7213441,"Споменик на Малешевскиот (Малешки) народноослободителен одред, Budinarci, Eastern Region, North Macedonia",,memorial,always open,,"CONCATENATE(""+3897"",RANDBETWEEN(1000000,9999999))"
1082325542,,North Macedonia,Veles,21.783251494147628,41.716424849999996,"Гоце Делчев, 1400 Veles, North Macedonia",,monument,,,"CONCATENATE(""+3897"",RANDBETWEEN(1000000,9999999))"
704079412,Велешки Гемиџија,North Macedonia,Veles,21.783420514608046,41.716152,"Велешки Гемиџија, R1312, 1400 Veles, North Macedonia",,monument,,,"CONCATENATE(""+3897"",RANDBETWEEN(1000000,9999999))"
2026930302,Саат кула,North Macedonia,Veles,21.7840512,41.7140782,"Саат кула, 8-ми Септември, 1400 Veles, North Macedonia",,monument,,,"CONCATENATE(""+3897"",RANDBETWEEN(1000000,9999999))"
6535106716,Бањичко Кале,North Macedonia,Drenovo,21.628172,41.6952366,"Banjica Fortress, R2344, Drenovo, North Macedonia",,archaeological_site,always open,,"CONCATENATE(""+3897"",RANDBETWEEN(1000000,9999999))"
8901338318,Sultana,North Macedonia,Kjafa,21.0216359,41.6560282,"Sultana, Papradishte - Kjafa, 6254 Kjafa, North Macedonia",,memorial,always open,,"CONCATENATE(""+3897"",RANDBETWEEN(1000000,9999999))"
8901349094,Albanian Mother,North Macedonia,Zajas,20.9510739,41.5964956,"Albanian Mother, A2, 6250 Zajas, North Macedonia",,memorial,always open,,"CONCATENATE(""+3897"",RANDBETWEEN(1000000,9999999))"
422287440,,North Macedonia,Gradsko,21.974318,41.5535664,"R1102, 1422 Gradsko, North Macedonia",,citywalls,,,"CONCATENATE(""+3897"",RANDBETWEEN(1000000,9999999))"
209092691,Стоби,North Macedonia,Gradsko,21.973276975454738,41.551977449999995,"Stobi, Friendship, 1422 Gradsko, North Macedonia",attraction,archaeological_site,always open,contact@stobi.mk,"CONCATENATE(""+3897"",RANDBETWEEN(1000000,9999999))"
2350137461,Римски театар,North Macedonia,Gradsko,21.9751675,41.5516379,"Roman theater, Friendship, 1422 Gradsko, North Macedonia",,ruins,,,"CONCATENATE(""+3897"",RANDBETWEEN(1000000,9999999))"
226161294,Антички театар,North Macedonia,Gradsko,21.9745916461613,41.55140205,"ancient theater of Stobi, Friendship, 1422 Gradsko, North Macedonia",,ruins,,,"CONCATENATE(""+3897"",RANDBETWEEN(1000000,9999999))"
177144178,,North Macedonia,Gradsko,21.9756912,41.5506519,"Friendship, 1422 Gradsko, North Macedonia",,citywalls,,,"CONCATENATE(""+3897"",RANDBETWEEN(1000000,9999999))"
177144179,,North Macedonia,Gradsko,21.97426,41.5505273,"Friendship, 1422 Gradsko, North Macedonia",,citywalls,,,"CONCATENATE(""+3897"",RANDBETWEEN(1000000,9999999))"
1050278253,Девини Кули,North Macedonia,Devich,21.237415805007334,41.5417571,"Devini Kuli, R1106, 6530 Devich, North Macedonia",,archaeological_site,always open,,"CONCATENATE(""+3897"",RANDBETWEEN(1000000,9999999))"
875859703,Кале,North Macedonia,Zrze,21.34230745322586,41.5229554,"Kale, R29375, 7505 Zrze, North Macedonia",,archaeological_site,always open,,"CONCATENATE(""+3897"",RANDBETWEEN(1000000,9999999))"
1054098604,Св. Никола,North Macedonia,Zrze,21.34997847449096,41.5183837,"St. Nicholas, R29375, 7505 Zrze, North Macedonia",,archaeological_site,always open,,"CONCATENATE(""+3897"",RANDBETWEEN(1000000,9999999))"
9686944119,,North Macedonia,Zrze,21.3517782,41.5170131,"R29375, 7505 Zrze, North Macedonia",,monument,,,"CONCATENATE(""+3897"",RANDBETWEEN(1000000,9999999))"
227215121,,North Macedonia,Kichevo,20.965066200000003,41.513675,"Амит Челопечанец, 6250 Kichevo, North Macedonia",,ruins,,,"CONCATENATE(""+3897"",RANDBETWEEN(1000000,9999999))"
4585716598,Китино Кале,North Macedonia,Kichevo,20.9663459,41.5130946,"Kita Castle, Амит Челопечанец, 6250 Kichevo, North Macedonia",attraction,castle,Mon-Sunday 07:00-19:00,,"CONCATENATE(""+3897"",RANDBETWEEN(1000000,9999999))"
192125506,Китино Кале,North Macedonia,Kichevo,20.96639378338846,41.51296155,"Kita Castle, Амит Челопечанец, 6250 Kichevo, North Macedonia",attraction,monument,,,"CONCATENATE(""+3897"",RANDBETWEEN(1000000,9999999))"
2359124380,99.4-053,North Macedonia,Kichevo,20.951411,41.5126479,"99.4-053, Boulevard Osloboduvanje, 6250 Kichevo, North Macedonia",attraction,locomotive,,,"CONCATENATE(""+3897"",RANDBETWEEN(1000000,9999999))"
1154138107,,North Macedonia,Kichevo,20.951411,41.5126479,"Boulevard Osloboduvanje, 6250 Kichevo, North Macedonia",,rail,,,"CONCATENATE(""+3897"",RANDBETWEEN(1000000,9999999))"
2026911763,Саат кула,North Macedonia,Kichevo,20.9702432,41.5119269,"Саат кула, Јане Сандански, 6250 Kichevo, North Macedonia",,monument,,,"CONCATENATE(""+3897"",RANDBETWEEN(1000000,9999999))"
414714609,,North Macedonia,Pomenovo,21.6904592,41.5113691,"R1312, Pomenovo, North Macedonia",,monument,,,"CONCATENATE(""+3897"",RANDBETWEEN(1000000,9999999))"
903328344,Кула,North Macedonia,Barbaros,21.27355847159228,41.5070505,"Kula, R1303, 6530 Barbaros, North Macedonia",,archaeological_site,always open,,"CONCATENATE(""+3897"",RANDBETWEEN(1000000,9999999))"
334649006,Антигона,North Macedonia,Negotino,22.10027239442541,41.503391449999995,"Антигона, R1103, 1440 Negotino, North Macedonia",,archaeological_site,always open,,"CONCATENATE(""+3897"",RANDBETWEEN(1000000,9999999))"
7796229746,Христо Узунов,North Macedonia,Drugovo,20.9222623,41.483575,"Hristo Uzunov, Гоце Делчев, 6261 Drugovo, North Macedonia",,monument,,,"CONCATENATE(""+3897"",RANDBETWEEN(1000000,9999999))"
7796229745,Гоце Делчев,North Macedonia,Drugovo,20.9229426,41.4831122,"Гоце Делчев, 6261 Drugovo, North Macedonia",,monument,,,"CONCATENATE(""+3897"",RANDBETWEEN(1000000,9999999))"
838638808,Спомен плоча - Ѓурѓејца,North Macedonia,Karbunica,20.966115939559582,41.45308785,"Спомен плоча - Ѓурѓејца, Патека кон с.Кладник / репетитор, 6250 Karbunica, North Macedonia",,memorial,always open,,"CONCATENATE(""+3897"",RANDBETWEEN(1000000,9999999))"
7826733791,Битката на Ѓурѓејца,North Macedonia,Karbunica,20.9658462,41.4528994,"Battle of Gjurgjejca, Патека кон с.Кладник / репетитор, 6250 Karbunica, North Macedonia",,battlefield,,,"CONCATENATE(""+3897"",RANDBETWEEN(1000000,9999999))"
1054395740,,North Macedonia,Prisad,21.567184904236584,41.450565499999996,"R1312, Prisad, North Macedonia",,archaeological_site,always open,,"CONCATENATE(""+3897"",RANDBETWEEN(1000000,9999999))"
1054395729,Спомен-дом Блаже Конески,North Macedonia,Prilep (Vicinity),21.55843252244925,41.4492956,"Blazhe Koneski Memorial House, Hiking trail Prilep - Treskavec, 7513 Prilep (Vicinity), North Macedonia",museum,,Mon-Fri 08:00-16:00,,"CONCATENATE(""+3897"",RANDBETWEEN(1000000,9999999))"
529811458,Музеј Галерија Кавадарци,North Macedonia,Kavadarci,22.0163228,41.4343634,"Muzej Galerija Kavadarci, 7 Septemvri, 1430 Kavadarci, North Macedonia",museum,,Mon-Fri 08:00-16:00,,"CONCATENATE(""+3897"",RANDBETWEEN(1000000,9999999))"
382646189,,North Macedonia,Kavadarci,22.0195297,41.4336787,"Методи Џунов Џико, 1430 Kavadarci, North Macedonia",,monument,,,"CONCATENATE(""+3897"",RANDBETWEEN(1000000,9999999))"
382635381,Костурница,North Macedonia,Kavadarci,22.0228463,41.4325212,"Kosturnica, Дисанска, 1430 Kavadarci, North Macedonia",attraction,monument,,,"CONCATENATE(""+3897"",RANDBETWEEN(1000000,9999999))"
212703196,Цареви Кули,North Macedonia,Strumica,22.62985809635761,41.43246945,"Czar’s Towers, Васил Главинов, 2400 Strumica, North Macedonia",attraction,archaeological_site,always open,,"CONCATENATE(""+3897"",RANDBETWEEN(1000000,9999999))"
2138788013,Ножот,North Macedonia,Rakle,21.7629669,41.4293251,"Ножот, Rakle, Pelagonia Region, North Macedonia",,memorial,always open,,"CONCATENATE(""+3897"",RANDBETWEEN(1000000,9999999))"
9723408984,Игуменија Катерина,North Macedonia,Prisad,21.6200758,41.4286415,"Игуменија Катерина, R1312, Prisad, North Macedonia",,tomb,,,"CONCATENATE(""+3897"",RANDBETWEEN(1000000,9999999))"
2535153634,Спомен куќа на Страшо Пинџур,North Macedonia,Municipality of Kavadarci,22.0181317,41.4184594,"Memorial house - Strasho Pindjur, Boro Vataskhi, 1430 Municipality of Kavadarci, North Macedonia",museum,,Mon-Fri 08:00-16:00,,"CONCATENATE(""+3897"",RANDBETWEEN(1000000,9999999))"
2851570672,Христо Узунов,North Macedonia,Cer,21.0770931,41.4182291,"R.I.P. Христо Узунов, Cer, North Macedonia",,monument,,,"CONCATENATE(""+3897"",RANDBETWEEN(1000000,9999999))"
1999950857,,North Macedonia,Koreshnica,22.2617922,41.4168996,"Friendship, 1442 Koreshnica, North Macedonia",,ruins,,,"CONCATENATE(""+3897"",RANDBETWEEN(1000000,9999999))"
2015829492,Марков Град,North Macedonia,Koreshnica,22.2541295,41.4094203,"Markov Grad, Friendship, 1442 Koreshnica, North Macedonia",,ruins,,,"CONCATENATE(""+3897"",RANDBETWEEN(1000000,9999999))"
1999950866,Museum of Wine,North Macedonia,Demir Kapija,22.2447656,41.4085959,"Museum of Wine, Marshal Tito, 1442 Demir Kapija, North Macedonia",museum,,Mon-Fri 08:00-16:00,,"CONCATENATE(""+3897"",RANDBETWEEN(1000000,9999999))"
1999950887,,North Macedonia,Demir Kapija,22.2491215,41.4056225,"R103, 1442 Demir Kapija, North Macedonia",,castle,Mon-Sunday 07:00-19:00,,"CONCATENATE(""+3897"",RANDBETWEEN(1000000,9999999))"
414261893,Трескавец,North Macedonia,Prilep (Vicinity),21.537922035972585,41.405300249999996,"Hiking trail Prilep - Treskavec, 7513 Prilep (Vicinity), North Macedonia",,archaeological_site,always open,,"CONCATENATE(""+3897"",RANDBETWEEN(1000000,9999999))"
7626158238,Масакр во Ваташа,North Macedonia,Municipality of Kavadarci,22.0284286,41.4014262,"Vatasha Massacre, R1107, 1430 Municipality of Kavadarci, North Macedonia",,memorial,always open,,"CONCATENATE(""+3897"",RANDBETWEEN(1000000,9999999))"
1999950867,,North Macedonia,Demir Kapija,22.2538529,41.4012005,"Orce Nikolov, 1442 Demir Kapija, North Macedonia",,ruins,,,"CONCATENATE(""+3897"",RANDBETWEEN(1000000,9999999))"
4907494222,,North Macedonia,Prilep (Vicinity),21.5642947,41.3983937,"Hiking trail Prilep - Treskavec, 7513 Prilep (Vicinity), North Macedonia",,monument,,,"CONCATENATE(""+3897"",RANDBETWEEN(1000000,9999999))"
8914478017,,North Macedonia,Raborci,22.6078358,41.3961543,"R2434, Raborci, North Macedonia",,memorial,always open,,"CONCATENATE(""+3897"",RANDBETWEEN(1000000,9999999))"
1999950869,,North Macedonia,Demir Kapija,22.2563366,41.3916552,"Orce Nikolov, 1442 Demir Kapija, North Macedonia",,ruins,,,"CONCATENATE(""+3897"",RANDBETWEEN(1000000,9999999))"
410115785,Слива,North Macedonia,Krushevo OT,21.2273776,41.3880768,"Слива, R2337, 7550 Krushevo OT, North Macedonia",,monument,,,"CONCATENATE(""+3897"",RANDBETWEEN(1000000,9999999))"
10123614417,,North Macedonia,Prilep (Vicinity),21.5914579,41.3843244,"R1312, 7510 Prilep (Vicinity), North Macedonia",,wayside_shrine,,,"CONCATENATE(""+3897"",RANDBETWEEN(1000000,9999999))"
10139298647,,North Macedonia,Prilep (Vicinity),21.5914106,41.3841894,"R1312, 7510 Prilep (Vicinity), North Macedonia",,wayside_shrine,,,"CONCATENATE(""+3897"",RANDBETWEEN(1000000,9999999))"
1999950859,,North Macedonia,Klisura,22.2700695,41.381851,"Road to Klisura (Paved section), 1442 Klisura, North Macedonia",,ruins,,,"CONCATENATE(""+3897"",RANDBETWEEN(1000000,9999999))"
217568679,Македониум,North Macedonia,Krushevo OT,21.248371506830424,41.3774084,"Македониум, Плато, 7550 Krushevo OT, North Macedonia",museum,monument,Mon-Fri 08:00-16:00,,"CONCATENATE(""+3897"",RANDBETWEEN(1000000,9999999))"
8193704891,Мирослав Јоксимовиќ,North Macedonia,Krushevo,21.2464617,41.3761727,"Miroslav Joksimovikj, Nikola Karev, 7550 Krushevo, North Macedonia",,memorial,always open,,"CONCATENATE(""+3897"",RANDBETWEEN(1000000,9999999))"
217561610,Музеј на НОВ,North Macedonia,Krushevo,21.2457198295887,41.37561085,"Музеј на НОВ, Nikola Karev, 7550 Krushevo, North Macedonia",museum,,Mon-Fri 08:00-16:00,,"CONCATENATE(""+3897"",RANDBETWEEN(1000000,9999999))"
2268500995,Тоше Проески,North Macedonia,Krushevo,21.2482546,41.3748686,"Тоше Проески, Гумење, 7550 Krushevo, North Macedonia",,tomb,,,"CONCATENATE(""+3897"",RANDBETWEEN(1000000,9999999))"
2268500979,Питу Гули,North Macedonia,Krushevo,21.2480535,41.3748344,"Питу Гули, Гумење, 7550 Krushevo, North Macedonia",,tomb,,,"CONCATENATE(""+3897"",RANDBETWEEN(1000000,9999999))"
8245486495,,North Macedonia,Krushevo,21.2375283,41.3747282,"Todor Proeski-Toshe, 7550 Krushevo, North Macedonia",,memorial,always open,,"CONCATENATE(""+3897"",RANDBETWEEN(1000000,9999999))"
217563724,Спомен куќа Тоше Проески,North Macedonia,Krushevo,21.246289331061185,41.374440500000006,"Спомен куќа Тоше Проески, Гумење, 7550 Krushevo, North Macedonia",,memorial,always open,,"CONCATENATE(""+3897"",RANDBETWEEN(1000000,9999999))"
4907386415,Борецот,North Macedonia,Prilep (Vicinity),21.5025867,41.3738524,"Борецот, R1303, 7513 Prilep (Vicinity), North Macedonia",,monument,,,"CONCATENATE(""+3897"",RANDBETWEEN(1000000,9999999))"
896167338,,North Macedonia,Krushevo OT,21.245005499999998,41.3737968,"Todor Proeski-Toshe, 7550 Krushevo OT, North Macedonia",,ruins,,,"CONCATENATE(""+3897"",RANDBETWEEN(1000000,9999999))"
2269431831,Никола Карев,North Macedonia,Krushevo,21.2463296,41.3736665,"Никола Карев, Nikola Karev, 7550 Krushevo, North Macedonia",,monument,,,"CONCATENATE(""+3897"",RANDBETWEEN(1000000,9999999))"
8463462957,,North Macedonia,Prilep (Vicinity),21.5018088,41.3736045,"R1303, 7513 Prilep (Vicinity), North Macedonia",,wayside_cross,,,"CONCATENATE(""+3897"",RANDBETWEEN(1000000,9999999))"
894563394,,North Macedonia,Krushevo OT,21.24466689067428,41.373495250000005,"Toma Niklev, 7550 Krushevo OT, North Macedonia",,ruins,,,"CONCATENATE(""+3897"",RANDBETWEEN(1000000,9999999))"
10248980740,,North Macedonia,Krushevo OT,21.255996,41.3734433,"R1306, 7550 Krushevo OT, North Macedonia",,wayside_shrine,,,"CONCATENATE(""+3897"",RANDBETWEEN(1000000,9999999))"
894563396,,North Macedonia,Krushevo OT,21.245395181266872,41.3730648,"Toma Niklev, 7550 Krushevo OT, North Macedonia",,ruins,,,"CONCATENATE(""+3897"",RANDBETWEEN(1000000,9999999))"
894563395,,North Macedonia,Krushevo OT,21.24502777315605,41.3728644,"Toma Niklev, 7550 Krushevo OT, North Macedonia",,ruins,,,"CONCATENATE(""+3897"",RANDBETWEEN(1000000,9999999))"
7475537800,Дабнички масакр,North Macedonia,Prilep,21.5605466,41.3724643,"Masacre of Dabnica, Dabnichka, 7510 Prilep, North Macedonia",,memorial,always open,,"CONCATENATE(""+3897"",RANDBETWEEN(1000000,9999999))"
896149100,Леарница,North Macedonia,Krushevo OT,21.24665840249711,41.37217175,"Foundry, Toma Niklev 0, 7550 Krushevo OT, North Macedonia",museum,,Mon-Fri 08:00-16:00,,"CONCATENATE(""+3897"",RANDBETWEEN(1000000,9999999))"
8484052150,,North Macedonia,Pletvar,21.6788001,41.3702007,"R1101, Pletvar, North Macedonia",,memorial,always open,,"CONCATENATE(""+3897"",RANDBETWEEN(1000000,9999999))"
224254694,Музеј на Илинденското востание и Крушевската Република,North Macedonia,Krushevo OT,21.2453034,41.3690527,"Museum of the Ilinden Uprising and the Republic of Krushevo, Dimitar Berberoski - Takja Berber 44А, 7550 Krushevo OT, North Macedonia",museum,,Mon-Fri 08:00-16:00,,"CONCATENATE(""+3897"",RANDBETWEEN(1000000,9999999))"
217467174,Никола Мартиноски,North Macedonia,Krushevo OT,21.252313906264597,41.368940949999995,"Nikola Martinoski, Niko Doaga-Koljka, 7550 Krushevo OT, North Macedonia",gallery,,,,"CONCATENATE(""+3897"",RANDBETWEEN(1000000,9999999))"
9874974045,,North Macedonia,Pletvar,21.6484545,41.3682851,"R1101, Pletvar, North Macedonia",,wayside_shrine,,,"CONCATENATE(""+3897"",RANDBETWEEN(1000000,9999999))"
878965706,,North Macedonia,Pletvar,21.653529597720173,41.3678963,"R1101, Pletvar, North Macedonia",,ruins,,,"CONCATENATE(""+3897"",RANDBETWEEN(1000000,9999999))"
8069229451,Манчу Матак,North Macedonia,Krushevo OT,21.249738,41.3677912,"Manchu Matak, Ilindenska, 7550 Krushevo OT, North Macedonia",,memorial,always open,,"CONCATENATE(""+3897"",RANDBETWEEN(1000000,9999999))"
8176930570,,North Macedonia,Pletvar,21.6538376,41.3675691,"R1101, Pletvar, North Macedonia",,monument,,,"CONCATENATE(""+3897"",RANDBETWEEN(1000000,9999999))"
9874974048,,North Macedonia,Pletvar,21.6537245,41.3667601,"R1101, Pletvar, North Macedonia",,wayside_shrine,,,"CONCATENATE(""+3897"",RANDBETWEEN(1000000,9999999))"
4306447780,Борка Талески-Модерното / Лазо Филиповски-Лавски,North Macedonia,Pletvar,21.6749495,41.3661079,"Borka Taleski / Lazo Filipovski, R1101, Pletvar, North Macedonia",,memorial,always open,,"CONCATENATE(""+3897"",RANDBETWEEN(1000000,9999999))"
2330629820,Наум Наумоски-Борче,North Macedonia,Krushevo OT,21.2484409,41.3653856,"Naum Naumoski-Borche, Kocha Milenku, 7550 Krushevo OT, North Macedonia",,monument,,,"CONCATENATE(""+3897"",RANDBETWEEN(1000000,9999999))"
8279921462,Кица Петрески,North Macedonia,Krushevo OT,21.2488407,41.3653786,"Kica Petreski, Kocha Milenku, 7550 Krushevo OT, North Macedonia",,monument,,,"CONCATENATE(""+3897"",RANDBETWEEN(1000000,9999999))"
2327281126,Питу Гули,North Macedonia,Krushevo OT,21.2497316,41.3649692,"Pitu Guli, Kocha Milenku, 7550 Krushevo OT, North Macedonia",,monument,,,"CONCATENATE(""+3897"",RANDBETWEEN(1000000,9999999))"
10224019277,,North Macedonia,Prilep,21.5709712,41.364432,"General-Polkovnik Vasko Karangelevski, 7510 Prilep, North Macedonia",,monument,,,"CONCATENATE(""+3897"",RANDBETWEEN(1000000,9999999))"
9633312940,Св. Петка,North Macedonia,Lenishte,21.6070578,41.3643261,"St. Parascheva, R1101, 7510 Lenishte, North Macedonia",,wayside_shrine,,,"CONCATENATE(""+3897"",RANDBETWEEN(1000000,9999999))"
6620184,Маркови Кули,North Macedonia,Prilep (Vicinity),21.53875862776643,41.361662800000005,"Marko's Towers, Markukule, 7513 Prilep (Vicinity), North Macedonia",attraction,castle,Mon-Sunday 07:00-19:00,,"CONCATENATE(""+3897"",RANDBETWEEN(1000000,9999999))"
9709707074,,North Macedonia,Prilep (Vicinity),21.5377119,41.3615324,"Markukule, 7513 Prilep (Vicinity), North Macedonia",,tomb,,,"CONCATENATE(""+3897"",RANDBETWEEN(1000000,9999999))"
1126512716,Куќата на Ѓошеви,North Macedonia,Prilep,21.53294045756305,41.358827399999996,"House of Gjoshev, Borka Lopach, 7513 Prilep, North Macedonia",,archaeological_site,always open,,"CONCATENATE(""+3897"",RANDBETWEEN(1000000,9999999))"
7623493347,Карпалак,North Macedonia,Lenishte,21.6256855,41.3575814,"Карпалак, R1101, Lenishte, North Macedonia",,memorial,always open,,"CONCATENATE(""+3897"",RANDBETWEEN(1000000,9999999))"
8301080099,,North Macedonia,Trojaci,21.7710681,41.3563252,"R1101, Trojaci, North Macedonia",,monument,,,"CONCATENATE(""+3897"",RANDBETWEEN(1000000,9999999))"
15078753,Куќата на Мантови,North Macedonia,Prilep,21.54033434881937,41.3555998,"House of Mantov, Naroden Heroj Jordan Chopela-Kulak, 7513 Prilep, North Macedonia",,archaeological_site,always open,,"CONCATENATE(""+3897"",RANDBETWEEN(1000000,9999999))"
2598104053,Карпалак,North Macedonia,Prilep,21.5564074,41.3475544,"Карпалак, Gjorgji Delchev-Goce, 7500 Prilep, North Macedonia",,monument,,,"CONCATENATE(""+3897"",RANDBETWEEN(1000000,9999999))"
8048135011,Кире Гаврилоски-Јане / Круме Волнароски-Коља,North Macedonia,Prilep,21.5629735,41.3464944,"Kire Gavriloski-Jane / Krume Volnaroski-Kolja, Spase Temelkoski, 7510 Prilep, North Macedonia",,memorial,always open,,"CONCATENATE(""+3897"",RANDBETWEEN(1000000,9999999))"
3409068904,Методија Андонов-Ченто,North Macedonia,Prilep,21.5528281,41.3462544,"Методија Андонов-Ченто, Alexandria Square, 7500 Prilep, North Macedonia",,monument,,,"CONCATENATE(""+3897"",RANDBETWEEN(1000000,9999999))"
3409074126,Св. Никола,North Macedonia,Prilep,21.553243,41.3462194,"Св. Никола, Alexandria Square, 7500 Prilep, North Macedonia",,monument,,,"CONCATENATE(""+3897"",RANDBETWEEN(1000000,9999999))"
3409068903,Александар Македонски,North Macedonia,Prilep,21.5524989,41.3460556,"Александар Македонски, Alexandria Square, 7500 Prilep, North Macedonia",,monument,,,"CONCATENATE(""+3897"",RANDBETWEEN(1000000,9999999))"
4575831104,Марко Мрњавчевиќ,North Macedonia,Prilep,21.5532375,41.3455416,"Marko Mrnjavchevikj, Metodija Andonov - Chento, 7500 Prilep, North Macedonia",,monument,,,"CONCATENATE(""+3897"",RANDBETWEEN(1000000,9999999))"
3642663981,Итар Пејо,North Macedonia,Prilep,21.5548417,41.345456,"Итар Пејо, Sly Peter, 7500 Prilep, North Macedonia",,monument,,,"CONCATENATE(""+3897"",RANDBETWEEN(1000000,9999999))"
2189840958,Ѓорче Петров,North Macedonia,Prilep,21.5522173,41.3452617,"Gjorche Petrov, Metodija Andonov - Chento, 7500 Prilep, North Macedonia",,monument,,,"CONCATENATE(""+3897"",RANDBETWEEN(1000000,9999999))"
4575841430,Марко Цепенков,North Macedonia,Prilep,21.5505581,41.3451792,"Марко Цепенков, Art Square, 7500 Prilep, North Macedonia",,monument,,,"CONCATENATE(""+3897"",RANDBETWEEN(1000000,9999999))"
2189840898,Пеце Атанасоски,North Macedonia,Prilep,21.554267,41.3451518,"Пеце Атанасоски, Borka Taleski-Modernoto, 7500 Prilep, North Macedonia",,monument,,,"CONCATENATE(""+3897"",RANDBETWEEN(1000000,9999999))"
4575841429,Блаже Конески,North Macedonia,Prilep,21.5506707,41.3451329,"Блаже Конески, Art Square, 7500 Prilep, North Macedonia",,monument,,,"CONCATENATE(""+3897"",RANDBETWEEN(1000000,9999999))"
2189840728,Народен Херој Кузман Јосифоски-Питу,North Macedonia,Prilep,21.5519842,41.3451182,"People's hero Kuzman Josifoski-Pitu, Metodija Andonov - Chento, 7500 Prilep, North Macedonia",,monument,,,"CONCATENATE(""+3897"",RANDBETWEEN(1000000,9999999))"
4575841428,Круме Кепески,North Macedonia,Prilep,21.5505634,41.3450704,"Круме Кепески, Art Square, 7500 Prilep, North Macedonia",,monument,,,"CONCATENATE(""+3897"",RANDBETWEEN(1000000,9999999))"
208711817,11 Октомври 1941,North Macedonia,Prilep,21.55235948803589,41.345014,"October the 11th, 1941, Metodija Andonov - Chento, 7500 Prilep, North Macedonia",museum,,Mon-Fri 08:00-16:00,,"CONCATENATE(""+3897"",RANDBETWEEN(1000000,9999999))"
816604528,Музеј на икони,North Macedonia,Prilep,21.558675548434103,41.3439183,"Музеј на икони, Republikanska, 7500 Prilep, North Macedonia",gallery,,,,"CONCATENATE(""+3897"",RANDBETWEEN(1000000,9999999))"
8534237588,08.12.1941,North Macedonia,Prilep,21.5549177,41.3435127,"08.12.1941, Borka Taleski-Modernoto 64, 7500 Prilep, North Macedonia",,memorial,always open,,"CONCATENATE(""+3897"",RANDBETWEEN(1000000,9999999))"
816604533,,North Macedonia,Prilep,21.558453188383904,41.3434348,"Republikanska, 7500 Prilep, North Macedonia",,tomb,,,"CONCATENATE(""+3897"",RANDBETWEEN(1000000,9999999))"
3456913802,Карпалак 2001,North Macedonia,Prilep,21.5479723,41.3434323,"Карпалак 2001, Gjorgji Delchev-Goce, 7500 Prilep, North Macedonia",,monument,,,"CONCATENATE(""+3897"",RANDBETWEEN(1000000,9999999))"
7626874879,Пере Тошев,North Macedonia,Prilep,21.5583071,41.3428704,"Pere Toshev, Aleksandar Makedonski, 7500 Prilep, North Macedonia",,tomb,,,"CONCATENATE(""+3897"",RANDBETWEEN(1000000,9999999))"
1144895703,Музеј,North Macedonia,Prilep,21.559393535230996,41.342827,"Museum, Aleksandar Makedonski 400, 7500 Prilep, North Macedonia",museum,,Mon-Fri 08:00-16:00,,"CONCATENATE(""+3897"",RANDBETWEEN(1000000,9999999))"
865119240,,North Macedonia,Prilep,21.558469297009275,41.3427114,"Republikanska, 7500 Prilep, North Macedonia",,memorial,always open,,"CONCATENATE(""+3897"",RANDBETWEEN(1000000,9999999))"
1143774305,Меморијален музеј Народен херој Кузман Јосифоски-Питу,North Macedonia,Prilep,21.559730950000002,41.34252545,"People's hero Kuzman Josifoski-Pitu Memorial museum, Mara Josifoska-Gjurgja 20, 7500 Prilep, North Macedonia",museum,,Mon-Fri 08:00-16:00,,"CONCATENATE(""+3897"",RANDBETWEEN(1000000,9999999))"
8063563409,Александар Македонски,North Macedonia,Prilep,21.5572532,41.3421058,"Alexander The Great, Aleksandar Makedonski, 7500 Prilep, North Macedonia",,memorial,always open,,"CONCATENATE(""+3897"",RANDBETWEEN(1000000,9999999))"
410115784,Мечкин Камен,North Macedonia,Krushevo OT,21.257898,41.3377228,"Mechkin Kamen, R1306, 7550 Krushevo OT, North Macedonia",attraction,monument,,,"CONCATENATE(""+3897"",RANDBETWEEN(1000000,9999999))"
858650998,Могила на непобедените,North Macedonia,Prilep,21.55392237228113,41.335059,"Могила на непобедените, 7500 Prilep, North Macedonia",,memorial,always open,,"CONCATENATE(""+3897"",RANDBETWEEN(1000000,9999999))"
338675543,Могила на непобедените,North Macedonia,Prilep,21.554600559297523,41.33419995,"Могила на непобедените, Mound of the undefeated, Prilep, North Macedonia",attraction,memorial,always open,,"CONCATENATE(""+3897"",RANDBETWEEN(1000000,9999999))"
3457966074,Крипта,North Macedonia,Prilep,21.554646,41.3341123,"Cript, Car Samoil ББ, 7500 Prilep, North Macedonia",,monument,,,"CONCATENATE(""+3897"",RANDBETWEEN(1000000,9999999))"
8914478317,,North Macedonia,Valandovo,22.5609249,41.3183647,"Гоце Делчев, 2460 Valandovo, North Macedonia",,memorial,always open,,"CONCATENATE(""+3897"",RANDBETWEEN(1000000,9999999))"
180725215,Винарија Грков,North Macedonia,Krnjevo,22.12806427718676,41.3154452,"Grkov Winery, R29171, Krnjevo, North Macedonia",winery,,,,"CONCATENATE(""+3897"",RANDBETWEEN(1000000,9999999))"
899461223,Марков Ѕид,North Macedonia,Shtavica,21.589620524198658,41.29936995,"Marko's Wall, R1107, Shtavica, North Macedonia",,castle,Mon-Sunday 07:00-19:00,,"CONCATENATE(""+3897"",RANDBETWEEN(1000000,9999999))"
1102966574,19.12.1942,North Macedonia,Shtavica,21.59606691223848,41.28955205,"19.12.1942, R1107, Shtavica, North Macedonia",,memorial,always open,,"CONCATENATE(""+3897"",RANDBETWEEN(1000000,9999999))"
2026975410,Isar / Idomenae,North Macedonia,Marvinci,22.4937679,41.2775784,"Isar / Idomenae, R1401, 2463 Marvinci, North Macedonia",,archaeological_site,always open,,"CONCATENATE(""+3897"",RANDBETWEEN(1000000,9999999))"
229632394,Isar-Marvinci,North Macedonia,Marvinci,22.493717791884347,41.2774695,"Isar-Marvinci, R1401, 2463 Marvinci, North Macedonia",,archaeological_site,always open,,"CONCATENATE(""+3897"",RANDBETWEEN(1000000,9999999))"
6901630767,Љубе Грујоски,North Macedonia,Pashino Ruvci,21.3684104,41.2754595,"Љубе Грујоски, Ljube Grujoski, 7525 Pashino Ruvci, North Macedonia",,monument,,,"CONCATENATE(""+3897"",RANDBETWEEN(1000000,9999999))"
7817723542,,North Macedonia,Pribilci,21.1933224,41.2693524,"R1305, 7240 Pribilci, North Macedonia",,memorial,always open,,"CONCATENATE(""+3897"",RANDBETWEEN(1000000,9999999))"
9689907651,,North Macedonia,Alinci,21.4705534,41.2658411,"A3, 7512 Alinci, North Macedonia",,wayside_shrine,,,"CONCATENATE(""+3897"",RANDBETWEEN(1000000,9999999))"
9689907635,,North Macedonia,Alinci,21.4678555,41.2646939,"A3, 7512 Alinci, North Macedonia",,monument,,,"CONCATENATE(""+3897"",RANDBETWEEN(1000000,9999999))"
223008200,Кале,North Macedonia,Buchin,21.31474592359983,41.2581743,"Кале, R2335, 7525 Buchin, North Macedonia",,archaeological_site,always open,,"CONCATENATE(""+3897"",RANDBETWEEN(1000000,9999999))"
7668777840,,North Macedonia,Barakovo,21.2277167,41.2504567,"R512, 7240 Barakovo, North Macedonia",,monument,,,"CONCATENATE(""+3897"",RANDBETWEEN(1000000,9999999))"
240622723,Стибера,North Macedonia,Topolchani,21.398573669016393,41.2441667,"Стибера, Тополчани, 7512 Topolchani, North Macedonia",,archaeological_site,always open,,"CONCATENATE(""+3897"",RANDBETWEEN(1000000,9999999))"
243981081,Стибера,North Macedonia,Topolchani,21.397531930404494,41.2437681,"Stibera, Тополчани, 7512 Topolchani, North Macedonia",,archaeological_site,always open,,"CONCATENATE(""+3897"",RANDBETWEEN(1000000,9999999))"
240346454,Градиште,North Macedonia,Graishte,21.218560516457963,41.2409898,"Gradishte, R2339, 7240 Graishte, North Macedonia",,archaeological_site,always open,,"CONCATENATE(""+3897"",RANDBETWEEN(1000000,9999999))"
821781063,Гориче,North Macedonia,Belche,21.200946742545398,41.238130749999996,"Goriche, R1305, 7240 Belche, North Macedonia",,archaeological_site,always open,,"CONCATENATE(""+3897"",RANDBETWEEN(1000000,9999999))"
4154122109,,North Macedonia,Topolchani,21.4329692,41.2251669,"A3, 7512 Topolchani, North Macedonia",,monument,,,"CONCATENATE(""+3897"",RANDBETWEEN(1000000,9999999))"
1056658135,,North Macedonia,Topolchani,21.43401469462585,41.2235352,"A3, 7512 Topolchani, North Macedonia",,ruins,,,"CONCATENATE(""+3897"",RANDBETWEEN(1000000,9999999))"
899481751,Пелагон,North Macedonia,Kalen,21.61624259287802,41.20789235,"Pelagon, R1107, Kalen, North Macedonia",,archaeological_site,always open,,"CONCATENATE(""+3897"",RANDBETWEEN(1000000,9999999))"
899481750,Старо Бонче,North Macedonia,Bonche,21.588396280098408,41.2066558,"Staro Bonche, R1107, Bonche, North Macedonia",,archaeological_site,always open,,"CONCATENATE(""+3897"",RANDBETWEEN(1000000,9999999))"
7504362426,Толе Паша,North Macedonia,Dunje,21.6536957,41.2064953,"Tole Pasha, R1107, Dunje, North Macedonia",,monument,,,"CONCATENATE(""+3897"",RANDBETWEEN(1000000,9999999))"
899472741,Градот / Маркови Кули,North Macedonia,Manastir,21.718458810232903,41.2061566,"Gradot / Markovi Kuli, R1107, Manastir, North Macedonia",,archaeological_site,always open,,"CONCATENATE(""+3897"",RANDBETWEEN(1000000,9999999))"
899479869,Градиште,North Macedonia,Kalen,21.644284854162997,41.20492915,"Gradishte, R1107, Kalen, North Macedonia",,archaeological_site,always open,,"CONCATENATE(""+3897"",RANDBETWEEN(1000000,9999999))"
9663795290,Братска гробница,North Macedonia,Klepach,21.4572557,41.204511,"Братска гробница, R2340, 7512 Klepach, North Macedonia",,tomb,,,"CONCATENATE(""+3897"",RANDBETWEEN(1000000,9999999))"
1136815836,Мучеинци,North Macedonia,Loznani,21.40006855,41.2017673,"Mucheinci, A3, 7512 Loznani, North Macedonia",,archaeological_site,always open,,"CONCATENATE(""+3897"",RANDBETWEEN(1000000,9999999))"
899479870,Бабо,North Macedonia,Dunje,21.65211902579607,41.1967792,"Babo, R1107, Dunje, North Macedonia",,archaeological_site,always open,,"CONCATENATE(""+3897"",RANDBETWEEN(1000000,9999999))"
8358854928,,North Macedonia,Vitolishte,21.8251757,41.1830133,"R1107, Vitolishte, North Macedonia",,memorial,always open,,"CONCATENATE(""+3897"",RANDBETWEEN(1000000,9999999))"
899465453,Мариовски Манастир,North Macedonia,Manastir,21.726069515616253,41.16506545,"Monastery of Mariovo, Path to Chebren, Manastir, North Macedonia",,archaeological_site,always open,,"CONCATENATE(""+3897"",RANDBETWEEN(1000000,9999999))"
9656080544,,North Macedonia,Beranci,21.3566709,41.157167,"A3, Beranci, North Macedonia",,memorial,always open,,"CONCATENATE(""+3897"",RANDBETWEEN(1000000,9999999))"
10234600940,,North Macedonia,Kukurechani,21.3540794,41.1100569,"A3, Kukurechani, North Macedonia",,wayside_shrine,,,"CONCATENATE(""+3897"",RANDBETWEEN(1000000,9999999))"
899302511,Пешта,North Macedonia,Gradeshnica,21.744353353527252,41.088067249999995,"Peshta, R2338, Gradeshnica, North Macedonia",,archaeological_site,always open,,"CONCATENATE(""+3897"",RANDBETWEEN(1000000,9999999))"
10932198705,"Auto and etno museum ""Filip""",North Macedonia,Krklino,21.3299172,41.0748026,"Auto and etno museum ""Filip"", R1305, 7000 Krklino, North Macedonia",museum,,Mon-Fri 08:00-16:00,,"CONCATENATE(""+3897"",RANDBETWEEN(1000000,9999999))"
222153861,,North Macedonia,Bitola,21.314396657699618,41.043283849999995,"A3, 7000 Bitola, North Macedonia",,archaeological_site,always open,,"CONCATENATE(""+3897"",RANDBETWEEN(1000000,9999999))"
192121734,Џамија Ајдар Кади,North Macedonia,Bitola,21.338469183129114,41.034973199999996,"Џамија Ајдар Кади, Цане Василев, 7000 Bitola, North Macedonia",attraction,undefined,,,"CONCATENATE(""+3897"",RANDBETWEEN(1000000,9999999))"
1096694957,,North Macedonia,Ribarci,21.467874854177047,41.02158420000001,"R2340, Ribarci, North Macedonia",,ruins,,,"CONCATENATE(""+3897"",RANDBETWEEN(1000000,9999999))"
1096045455,,North Macedonia,Veleselo,21.561828050000003,40.972655450000005,"L50728, Veleselo, North Macedonia",,ruins,,,"CONCATENATE(""+3897"",RANDBETWEEN(1000000,9999999))"
1096045452,,North Macedonia,Veleselo,21.560606945285237,40.9723843,"L50728, Veleselo, North Macedonia",,ruins,,,"CONCATENATE(""+3897"",RANDBETWEEN(1000000,9999999))"
1096045451,,North Macedonia,Veleselo,21.56040725,40.97234535,"L50728, Veleselo, North Macedonia",,ruins,,,"CONCATENATE(""+3897"",RANDBETWEEN(1000000,9999999))"
1096045450,,North Macedonia,Veleselo,21.560811949999994,40.972177650000006,"L50728, Veleselo, North Macedonia",,ruins,,,"CONCATENATE(""+3897"",RANDBETWEEN(1000000,9999999))"
573251504,,North Macedonia,Veleselo,21.560957196430106,40.9721287,"L50728, Veleselo, North Macedonia",,ruins,,,"CONCATENATE(""+3897"",RANDBETWEEN(1000000,9999999))"
1096045453,,North Macedonia,Veleselo,21.560530598017202,40.972065799999996,"L50728, Veleselo, North Macedonia",,ruins,,,"CONCATENATE(""+3897"",RANDBETWEEN(1000000,9999999))"
1096045466,,North Macedonia,Veleselo,21.55863743276077,40.97176345,"L50728, Veleselo, North Macedonia",,ruins,,,"CONCATENATE(""+3897"",RANDBETWEEN(1000000,9999999))"
